<?xml version = '1.0' encoding = 'UTF-8'?>
<Diagram class="oracle.dbtools.crest.swingui.relational.DPVRelational" name="Relational_1" id="9D979749-E440-A7CD-0E2F-55E851B19D37">
<createdBy>sergi</createdBy>
<modifiedBy>sergi</modifiedBy>
<createdTime>2024-11-15 22:22:37 UTC</createdTime>
<autoRoute>false</autoRoute>
<boxInbox>true</boxInbox>
<showLegend>false</showLegend>
<showLabels>false</showLabels>
<showRelAttributes>false</showRelAttributes>
<gridEnabled>false</gridEnabled>
<showGrid>false</showGrid>
<diagramColor>-1</diagramColor>
<display>false</display>
<notation>1</notation>
<objectViews>
<OView class="oracle.dbtools.crest.swingui.relational.TVTable" oid="0A1B0950-E7D0-B74F-F58C-7AB7D365ED86" otype="Table" vid="327289E2-F793-82E0-802C-556529B14042">
<hideElementsInCurrentOnly>false</hideElementsInCurrentOnly>
<bounds x="170" y="84" width="258" height="136"/>
</OView>
<OView class="oracle.dbtools.crest.swingui.relational.TVTable" oid="16797703-33F8-32E6-3650-0503EDA1B8CB" otype="Table" vid="48CB4B95-D096-8DB2-F502-69BD095A5129">
<hideElementsInCurrentOnly>false</hideElementsInCurrentOnly>
<bounds x="822" y="360" width="248" height="192"/>
</OView>
<OView class="oracle.dbtools.crest.swingui.relational.TVTable" oid="20137B6F-24AB-CD53-7175-214A419F73EF" otype="Table" vid="4779AC57-6253-E1CA-307B-31966274D561">
<hideElementsInCurrentOnly>false</hideElementsInCurrentOnly>
<bounds x="160" y="477" width="195" height="74"/>
</OView>
<OView class="oracle.dbtools.crest.swingui.relational.TVTable" oid="34734ECA-C853-D896-7882-7CC7BDCA86AE" otype="Table" vid="64AF18E9-B3A9-548C-DB7E-DB673953764C">
<hideElementsInCurrentOnly>false</hideElementsInCurrentOnly>
<bounds x="1142" y="432" width="206" height="122"/>
</OView>
<OView class="oracle.dbtools.crest.swingui.relational.TVTable" oid="4A457A70-BF4A-A666-383F-1E87B47DA0D2" otype="Table" vid="EEFA7E3E-0772-F7D0-9F19-330725F209D3">
<hideElementsInCurrentOnly>false</hideElementsInCurrentOnly>
<bounds x="805" y="91" width="227" height="130"/>
</OView>
<OView class="oracle.dbtools.crest.swingui.relational.TVTable" oid="50392B17-87D1-6347-A366-466E91AE24A4" otype="Table" vid="A14A5D68-47B0-7FF1-4733-78DC4F501D20">
<hideElementsInCurrentOnly>false</hideElementsInCurrentOnly>
<bounds x="538" y="366" width="222" height="163"/>
</OView>
<OView class="oracle.dbtools.crest.swingui.relational.TVTable" oid="8E819C37-E11A-487F-32DC-644459231246" otype="Table" vid="537F2794-7533-749B-2E84-2DA6A1617422">
<hideElementsInCurrentOnly>false</hideElementsInCurrentOnly>
<bounds x="1089" y="124" width="220" height="86"/>
</OView>
<OView class="oracle.dbtools.crest.swingui.relational.TVTable" oid="8FF09BA9-F967-72C7-32DE-BE1C9CCE200A" otype="Table" vid="22B82DC9-1724-35B5-C4BB-AC7181330CB6">
<hideElementsInCurrentOnly>false</hideElementsInCurrentOnly>
<bounds x="1117" y="258" width="240" height="108"/>
</OView>
<OView class="oracle.dbtools.crest.swingui.relational.TVTable" oid="AE38A7D2-A521-5896-27F5-3A314C2BA24C" otype="Table" vid="1822A910-5B63-5EAF-6307-228B3ECF503D">
<hideElementsInCurrentOnly>false</hideElementsInCurrentOnly>
<bounds x="521" y="89" width="238" height="122"/>
</OView>
<OView class="oracle.dbtools.crest.swingui.relational.TVTable" oid="BEB9CB3C-6770-9012-E1ED-1B23D6903B09" otype="Table" vid="B0342DAB-BDEB-12E3-B463-E9224AD3BA6D">
<hideElementsInCurrentOnly>false</hideElementsInCurrentOnly>
<bounds x="556" y="241" width="208" height="83"/>
</OView>
<OView class="oracle.dbtools.crest.swingui.relational.TVTable" oid="C8EC810B-CDBC-0D2C-B677-B127C29DF86E" otype="Table" vid="4505ABD5-9BB9-5131-FED3-B018E8339A2E">
<hideElementsInCurrentOnly>false</hideElementsInCurrentOnly>
<bounds x="190" y="288" width="213" height="136"/>
</OView>
<OView class="oracle.dbtools.crest.swingui.relational.TVTable" oid="DAEFA9C8-B189-D670-FB22-3C0928400F2D" otype="Table" vid="532A1C46-5963-ED9A-E187-714C527FE7A9">
<hideElementsInCurrentOnly>false</hideElementsInCurrentOnly>
<bounds x="936" y="596" width="221" height="102"/>
</OView>
<OView class="oracle.dbtools.crest.swingui.relational.TVTable" oid="E156A21B-3012-ECC9-BF05-D871D4123737" otype="Table" vid="22EBF3D1-A1DD-E06D-A393-7FED96118794">
<hideElementsInCurrentOnly>false</hideElementsInCurrentOnly>
<bounds x="321" y="625" width="204" height="74"/>
</OView>
<OView class="oracle.dbtools.crest.swingui.relational.TVTable" oid="F06F2A67-19CA-24BE-C6CA-251E14B12EEE" otype="Table" vid="A959672E-1F69-D930-F972-8D9885D72547">
<hideElementsInCurrentOnly>false</hideElementsInCurrentOnly>
<bounds x="581" y="586" width="245" height="128"/>
</OView>
</objectViews>
<connectors>
<Connector class="oracle.dbtools.crest.swingui.relational.TVFKRelation" oid="0A369715-1152-73F4-6482-BAE37A61342B" otype="FKIndexAssociation" vid_source="327289E2-F793-82E0-802C-556529B14042" vid_target="4505ABD5-9BB9-5131-FED3-B018E8339A2E">
<hideElementsInCurrentOnly>false</hideElementsInCurrentOnly>
<backgroundColor>-16777216</backgroundColor>
<lineWidth>1</lineWidth>
<points>
<point x="296" y="220"/>
<point x="296" y="288"/>
</points>
</Connector>
<Connector class="oracle.dbtools.crest.swingui.relational.TVFKRelation" oid="18A1A006-D720-76F0-40AA-4FFBC715DE2C" otype="FKIndexAssociation" vid_source="A14A5D68-47B0-7FF1-4733-78DC4F501D20" vid_target="48CB4B95-D096-8DB2-F502-69BD095A5129">
<hideElementsInCurrentOnly>false</hideElementsInCurrentOnly>
<backgroundColor>-16777216</backgroundColor>
<lineWidth>1</lineWidth>
<points>
<point x="760" y="447"/>
<point x="822" y="447"/>
</points>
</Connector>
<Connector class="oracle.dbtools.crest.swingui.relational.TVFKRelation" oid="2479A01F-CE40-4D41-834E-96D3FDD1BEAE" otype="FKIndexAssociation" vid_source="532A1C46-5963-ED9A-E187-714C527FE7A9" vid_target="A959672E-1F69-D930-F972-8D9885D72547">
<hideElementsInCurrentOnly>false</hideElementsInCurrentOnly>
<backgroundColor>-16777216</backgroundColor>
<lineWidth>1</lineWidth>
<points>
<point x="936" y="647"/>
<point x="826" y="647"/>
</points>
</Connector>
<Connector class="oracle.dbtools.crest.swingui.relational.TVFKRelation" oid="529191FB-AE7C-626D-E2FE-0682EF1B4E80" otype="FKIndexAssociation" vid_source="A14A5D68-47B0-7FF1-4733-78DC4F501D20" vid_target="B0342DAB-BDEB-12E3-B463-E9224AD3BA6D">
<hideElementsInCurrentOnly>false</hideElementsInCurrentOnly>
<backgroundColor>-16777216</backgroundColor>
<lineWidth>1</lineWidth>
<points>
<point x="658" y="366"/>
<point x="658" y="324"/>
</points>
</Connector>
<Connector class="oracle.dbtools.crest.swingui.relational.TVFKRelation" oid="57CF5F10-0226-09A9-571E-D012A0B76A85" otype="FKIndexAssociation" vid_source="22EBF3D1-A1DD-E06D-A393-7FED96118794" vid_target="A14A5D68-47B0-7FF1-4733-78DC4F501D20">
<hideElementsInCurrentOnly>false</hideElementsInCurrentOnly>
<backgroundColor>-16777216</backgroundColor>
<lineWidth>1</lineWidth>
<points>
<point x="461" y="625"/>
<point x="563" y="529"/>
</points>
</Connector>
<Connector class="oracle.dbtools.crest.swingui.relational.TVFKRelation" oid="69EA661E-8001-AC3C-8CF3-9B6D0190591F" otype="FKIndexAssociation" vid_source="532A1C46-5963-ED9A-E187-714C527FE7A9" vid_target="64AF18E9-B3A9-548C-DB7E-DB673953764C">
<hideElementsInCurrentOnly>false</hideElementsInCurrentOnly>
<backgroundColor>-16777216</backgroundColor>
<lineWidth>1</lineWidth>
<points>
<point x="1149" y="596"/>
<point x="1149" y="554"/>
</points>
</Connector>
<Connector class="oracle.dbtools.crest.swingui.relational.TVFKRelation" oid="81A87218-C12B-314D-7CF2-B0CAAD27A2CB" otype="FKIndexAssociation" vid_source="4779AC57-6253-E1CA-307B-31966274D561" vid_target="A14A5D68-47B0-7FF1-4733-78DC4F501D20">
<hideElementsInCurrentOnly>false</hideElementsInCurrentOnly>
<backgroundColor>-16777216</backgroundColor>
<lineWidth>1</lineWidth>
<points>
<point x="355" y="503"/>
<point x="538" y="503"/>
</points>
</Connector>
<Connector class="oracle.dbtools.crest.swingui.relational.TVFKRelation" oid="85129F0E-5476-3A6F-2616-5105F0D0E51C" otype="FKIndexAssociation" vid_source="327289E2-F793-82E0-802C-556529B14042" vid_target="B0342DAB-BDEB-12E3-B463-E9224AD3BA6D">
<hideElementsInCurrentOnly>false</hideElementsInCurrentOnly>
<backgroundColor>-16777216</backgroundColor>
<lineWidth>1</lineWidth>
<points>
<point x="428" y="198"/>
<point x="556" y="244"/>
</points>
</Connector>
<Connector class="oracle.dbtools.crest.swingui.relational.TVFKRelation" oid="A13F315E-7E2D-CC2C-BFCD-03DD4F1FB02F" otype="FKIndexAssociation" vid_source="EEFA7E3E-0772-F7D0-9F19-330725F209D3" vid_target="537F2794-7533-749B-2E84-2DA6A1617422">
<hideElementsInCurrentOnly>false</hideElementsInCurrentOnly>
<backgroundColor>-16777216</backgroundColor>
<lineWidth>1</lineWidth>
<points>
<point x="1032" y="167"/>
<point x="1089" y="167"/>
</points>
</Connector>
<Connector class="oracle.dbtools.crest.swingui.relational.TVFKRelation" oid="B596EFE4-EF3C-5F05-C59B-6E7BBCD94290" otype="FKIndexAssociation" vid_source="64AF18E9-B3A9-548C-DB7E-DB673953764C" vid_target="22B82DC9-1724-35B5-C4BB-AC7181330CB6">
<hideElementsInCurrentOnly>false</hideElementsInCurrentOnly>
<backgroundColor>-16777216</backgroundColor>
<lineWidth>1</lineWidth>
<points>
<point x="1245" y="432"/>
<point x="1245" y="366"/>
</points>
</Connector>
<Connector class="oracle.dbtools.crest.swingui.relational.TVFKRelation" oid="B7E7F07F-9AAB-84E1-8E17-596DED764511" otype="FKIndexAssociation" vid_source="A14A5D68-47B0-7FF1-4733-78DC4F501D20" vid_target="537F2794-7533-749B-2E84-2DA6A1617422">
<hideElementsInCurrentOnly>false</hideElementsInCurrentOnly>
<backgroundColor>-16777216</backgroundColor>
<lineWidth>1</lineWidth>
<points>
<point x="760" y="390"/>
<point x="1114" y="210"/>
</points>
</Connector>
<Connector class="oracle.dbtools.crest.swingui.relational.TVFKRelation" oid="BE7A819C-8569-F84F-7E7C-BFB3BC017428" otype="FKIndexAssociation" vid_source="22B82DC9-1724-35B5-C4BB-AC7181330CB6" vid_target="48CB4B95-D096-8DB2-F502-69BD095A5129">
<hideElementsInCurrentOnly>false</hideElementsInCurrentOnly>
<backgroundColor>-16777216</backgroundColor>
<lineWidth>1</lineWidth>
<points>
<point x="1117" y="363"/>
<point x="1070" y="363"/>
</points>
</Connector>
<Connector class="oracle.dbtools.crest.swingui.relational.TVFKRelation" oid="C26E0793-B031-3D3F-A2BD-ADCEA08E406B" otype="FKIndexAssociation" vid_source="A14A5D68-47B0-7FF1-4733-78DC4F501D20" vid_target="A959672E-1F69-D930-F972-8D9885D72547">
<hideElementsInCurrentOnly>false</hideElementsInCurrentOnly>
<backgroundColor>-16777216</backgroundColor>
<lineWidth>1</lineWidth>
<points>
<point x="670" y="529"/>
<point x="670" y="586"/>
</points>
</Connector>
<Connector class="oracle.dbtools.crest.swingui.relational.TVFKRelation" oid="C6FB64DE-CC0E-1B2A-83EF-BDE31A3A1FBC" otype="FKIndexAssociation" vid_source="64AF18E9-B3A9-548C-DB7E-DB673953764C" vid_target="48CB4B95-D096-8DB2-F502-69BD095A5129">
<hideElementsInCurrentOnly>false</hideElementsInCurrentOnly>
<backgroundColor>-16777216</backgroundColor>
<lineWidth>1</lineWidth>
<points>
<point x="1142" y="492"/>
<point x="1070" y="492"/>
</points>
</Connector>
<Connector class="oracle.dbtools.crest.swingui.relational.TVFKRelation" oid="E549675B-4724-7857-233B-05EEBF68E055" otype="FKIndexAssociation" vid_source="EEFA7E3E-0772-F7D0-9F19-330725F209D3" vid_target="1822A910-5B63-5EAF-6307-228B3ECF503D">
<hideElementsInCurrentOnly>false</hideElementsInCurrentOnly>
<backgroundColor>-16777216</backgroundColor>
<lineWidth>1</lineWidth>
<points>
<point x="805" y="151"/>
<point x="759" y="151"/>
</points>
</Connector>
<Connector class="oracle.dbtools.crest.swingui.relational.TVFKRelation" oid="F78D3F7D-6A65-83BB-EEAE-4E99EDE9C6DC" otype="FKIndexAssociation" vid_source="1822A910-5B63-5EAF-6307-228B3ECF503D" vid_target="327289E2-F793-82E0-802C-556529B14042">
<hideElementsInCurrentOnly>false</hideElementsInCurrentOnly>
<backgroundColor>-16777216</backgroundColor>
<lineWidth>1</lineWidth>
<points>
<point x="521" y="150"/>
<point x="428" y="150"/>
</points>
</Connector>
</connectors>
</Diagram>