<?xml version = '1.0' encoding = 'UTF-8'?>
<Relation class="oracle.dbtools.crest.model.design.logical.Relation" name="Relation_22" directorySegmentName="seg_0" id="15738C31-1DDE-7EFF-A79A-2B60B7F7060D">
<createdBy>sergi</createdBy>
<createdTime>2024-09-24 21:37:21 UTC</createdTime>
<ownerDesignName>logico</ownerDesignName>
<engineerTo>
<item key="D41DC297-8ACE-B51B-921A-07525162A6A2" value="true"/>
</engineerTo>
<sourcePk>0B4B6C5B-4759-FFA3-36F5-0CF5C583FBE5</sourcePk>
<identifying>true</identifying>
<optionalSource>false</optionalSource>
<optionalTarget>false</optionalTarget>
<sourceCardinality>1</sourceCardinality>
<sourceEntity>04429AB9-1E31-753A-E31D-474A6E411E7D</sourceEntity>
<targetCardinalityString>*</targetCardinalityString>
<targetEntity>71722136-1916-73EC-213F-6EDC50CDC9E0</targetEntity>
<transferable>true</transferable>
<deleteRule>NO ACTION</deleteRule>
</Relation>