<?xml version = '1.0' encoding = 'UTF-8'?>
<Relation class="oracle.dbtools.crest.model.design.logical.Relation" name="Relation_7" directorySegmentName="seg_0" id="1E089442-5321-7D76-35E8-13E247C996E6">
<createdBy>sergi</createdBy>
<createdTime>2024-09-17 03:12:43 UTC</createdTime>
<ownerDesignName>logico</ownerDesignName>
<engineerTo>
<item key="D41DC297-8ACE-B51B-921A-07525162A6A2" value="true"/>
</engineerTo>
<sourcePk>719656A8-F08C-1976-4D70-40BC725EC199</sourcePk>
<identifying>true</identifying>
<optionalSource>false</optionalSource>
<optionalTarget>false</optionalTarget>
<sourceCardinality>1</sourceCardinality>
<sourceEntity>04F7E768-7669-3EDB-A9F6-45D408710573</sourceEntity>
<targetCardinalityString>*</targetCardinalityString>
<targetEntity>814558BB-7775-DCD7-094B-A42A8E0C3FD9</targetEntity>
<transferable>true</transferable>
<deleteRule>NO ACTION</deleteRule>
</Relation>