<?xml version = '1.0' encoding = 'UTF-8'?>
<Relation class="oracle.dbtools.crest.model.design.logical.Relation" name="Relation_3" directorySegmentName="seg_0" id="27DD1D74-C129-CBA4-19EB-16F8BBE5ECEF">
<createdBy>sergi</createdBy>
<createdTime>2024-09-17 03:12:10 UTC</createdTime>
<ownerDesignName>logico</ownerDesignName>
<engineerTo>
<item key="D41DC297-8ACE-B51B-921A-07525162A6A2" value="true"/>
</engineerTo>
<sourcePk>3178AB77-FAED-BC14-BEFE-0379944F093A</sourcePk>
<identifying>true</identifying>
<optionalSource>false</optionalSource>
<optionalTarget>false</optionalTarget>
<sourceCardinality>1</sourceCardinality>
<sourceEntity>9BAE1763-F5AA-94B1-A120-B392C20F60DF</sourceEntity>
<targetCardinalityString>*</targetCardinalityString>
<targetEntity>CC129974-9D3E-73DA-72FE-B78422A8BCFD</targetEntity>
<transferable>true</transferable>
<deleteRule>NO ACTION</deleteRule>
</Relation>