<?xml version = '1.0' encoding = 'UTF-8'?>
<Relation class="oracle.dbtools.crest.model.design.logical.Relation" name="Relation_19" directorySegmentName="seg_0" id="2DF2C57B-F258-A080-71E6-E8524310774C">
<createdBy>sergi</createdBy>
<createdTime>2024-09-24 21:34:09 UTC</createdTime>
<ownerDesignName>logico</ownerDesignName>
<engineerTo>
<item key="D41DC297-8ACE-B51B-921A-07525162A6A2" value="true"/>
</engineerTo>
<sourcePk>58B5C997-CF34-9F9E-6722-BE04E6474D17</sourcePk>
<identifying>true</identifying>
<optionalSource>false</optionalSource>
<optionalTarget>false</optionalTarget>
<sourceCardinality>1</sourceCardinality>
<sourceEntity>F3DE595A-53A1-D176-A137-5FDCF79DAA5F</sourceEntity>
<targetCardinalityString>*</targetCardinalityString>
<targetEntity>B61CFA77-439B-1BEE-7E9E-D296396B3B6D</targetEntity>
<transferable>true</transferable>
<deleteRule>NO ACTION</deleteRule>
</Relation>