<?xml version = '1.0' encoding = 'UTF-8'?>
<Relation class="oracle.dbtools.crest.model.design.logical.Relation" name="Relation_23" directorySegmentName="seg_0" id="4D38A9CD-4117-717D-FCD9-29E9733435CA">
<createdBy>sergi</createdBy>
<createdTime>2024-09-24 22:07:26 UTC</createdTime>
<ownerDesignName>logico</ownerDesignName>
<engineerTo>
<item key="D41DC297-8ACE-B51B-921A-07525162A6A2" value="true"/>
</engineerTo>
<sourcePk>1E868A15-ED8B-4EDC-B652-B3CB93DCB9BB</sourcePk>
<identifying>true</identifying>
<optionalSource>false</optionalSource>
<optionalTarget>false</optionalTarget>
<sourceCardinality>1</sourceCardinality>
<sourceEntity>3E641FBC-CBF9-53D5-39D6-C4B75416E6CC</sourceEntity>
<targetCardinalityString>*</targetCardinalityString>
<targetEntity>C59E5085-090A-19B0-A847-C5DEEED6A0A3</targetEntity>
<transferable>true</transferable>
<deleteRule>NO ACTION</deleteRule>
</Relation>