<?xml version = '1.0' encoding = 'UTF-8'?>
<Relation class="oracle.dbtools.crest.model.design.logical.Relation" name="Relation_2" directorySegmentName="seg_0" id="6C3D7CBB-7F19-57F9-4117-3593FFE13685">
<createdBy>sergi</createdBy>
<createdTime>2024-09-17 03:12:04 UTC</createdTime>
<ownerDesignName>logico</ownerDesignName>
<engineerTo>
<item key="D41DC297-8ACE-B51B-921A-07525162A6A2" value="true"/>
</engineerTo>
<sourcePk>1E868A15-ED8B-4EDC-B652-B3CB93DCB9BB</sourcePk>
<identifying>true</identifying>
<optionalSource>false</optionalSource>
<optionalTarget>false</optionalTarget>
<sourceCardinality>1</sourceCardinality>
<sourceEntity>3E641FBC-CBF9-53D5-39D6-C4B75416E6CC</sourceEntity>
<targetCardinalityString>*</targetCardinalityString>
<targetEntity>CC129974-9D3E-73DA-72FE-B78422A8BCFD</targetEntity>
<transferable>true</transferable>
<deleteRule>NO ACTION</deleteRule>
</Relation>