<?xml version = '1.0' encoding = 'UTF-8'?>
<Relation class="oracle.dbtools.crest.model.design.logical.Relation" name="Relation_1" directorySegmentName="seg_0" id="6F8F10EF-AED2-3762-A730-97AFBE63C7D1">
<createdBy>sergi</createdBy>
<createdTime>2024-09-17 03:11:33 UTC</createdTime>
<ownerDesignName>logico</ownerDesignName>
<engineerTo>
<item key="D41DC297-8ACE-B51B-921A-07525162A6A2" value="true"/>
</engineerTo>
<sourcePk>CFC0F0AB-EF31-021D-105B-F06275B86F48</sourcePk>
<identifying>true</identifying>
<optionalSource>false</optionalSource>
<optionalTarget>false</optionalTarget>
<sourceCardinality>1</sourceCardinality>
<sourceEntity>71722136-1916-73EC-213F-6EDC50CDC9E0</sourceEntity>
<targetCardinalityString>*</targetCardinalityString>
<targetEntity>3E641FBC-CBF9-53D5-39D6-C4B75416E6CC</targetEntity>
<transferable>true</transferable>
<deleteRule>NO ACTION</deleteRule>
</Relation>