<?xml version = '1.0' encoding = 'UTF-8'?>
<Relation class="oracle.dbtools.crest.model.design.logical.Relation" name="Relation_14" directorySegmentName="seg_0" id="77D71903-1B51-264B-1E3C-0EDA7A17EE68">
<createdBy>sergi</createdBy>
<createdTime>2024-09-17 19:31:47 UTC</createdTime>
<ownerDesignName>logico</ownerDesignName>
<engineerTo>
<item key="D41DC297-8ACE-B51B-921A-07525162A6A2" value="true"/>
</engineerTo>
<sourcePk>4A279646-ABD5-0251-6420-B93219788EC3</sourcePk>
<identifying>true</identifying>
<optionalSource>false</optionalSource>
<optionalTarget>false</optionalTarget>
<sourceCardinality>1</sourceCardinality>
<sourceEntity>09A696F5-CE1A-788D-306E-ACDF9269D5D2</sourceEntity>
<targetCardinalityString>*</targetCardinalityString>
<targetEntity>54506F0C-B569-DFD9-68F3-288871E1B563</targetEntity>
<transferable>true</transferable>
<deleteRule>NO ACTION</deleteRule>
</Relation>