<?xml version = '1.0' encoding = 'UTF-8'?>
<Relation class="oracle.dbtools.crest.model.design.logical.Relation" name="Relation_8" directorySegmentName="seg_0" id="88DB1C94-2DED-D637-ABC0-6C20CB8FD2A5">
<createdBy>sergi</createdBy>
<createdTime>2024-09-17 03:12:50 UTC</createdTime>
<ownerDesignName>logico</ownerDesignName>
<engineerTo>
<item key="D41DC297-8ACE-B51B-921A-07525162A6A2" value="true"/>
</engineerTo>
<sourcePk>B629FC8C-1C83-0EDB-2CC3-AFB88E0C01EC</sourcePk>
<identifying>true</identifying>
<optionalSource>false</optionalSource>
<optionalTarget>false</optionalTarget>
<sourceCardinality>1</sourceCardinality>
<sourceEntity>814558BB-7775-DCD7-094B-A42A8E0C3FD9</sourceEntity>
<targetCardinalityString>*</targetCardinalityString>
<targetEntity>9BAE1763-F5AA-94B1-A120-B392C20F60DF</targetEntity>
<transferable>true</transferable>
<deleteRule>NO ACTION</deleteRule>
</Relation>