<?xml version = '1.0' encoding = 'UTF-8'?>
<Relation class="oracle.dbtools.crest.model.design.logical.Relation" name="Relation_24" directorySegmentName="seg_0" id="9E5527B2-0F1B-A796-5860-440E4AF53336">
<createdBy>sergi</createdBy>
<createdTime>2024-09-24 22:07:37 UTC</createdTime>
<ownerDesignName>logico</ownerDesignName>
<engineerTo>
<item key="D41DC297-8ACE-B51B-921A-07525162A6A2" value="true"/>
</engineerTo>
<sourcePk>58B5C997-CF34-9F9E-6722-BE04E6474D17</sourcePk>
<identifying>true</identifying>
<optionalSource>false</optionalSource>
<optionalTarget>false</optionalTarget>
<sourceCardinality>1</sourceCardinality>
<sourceEntity>F3DE595A-53A1-D176-A137-5FDCF79DAA5F</sourceEntity>
<targetCardinalityString>*</targetCardinalityString>
<targetEntity>C59E5085-090A-19B0-A847-C5DEEED6A0A3</targetEntity>
<transferable>true</transferable>
<deleteRule>NO ACTION</deleteRule>
</Relation>