<?xml version = '1.0' encoding = 'UTF-8'?>
<Relation class="oracle.dbtools.crest.model.design.logical.Relation" name="Relation_6" directorySegmentName="seg_0" id="BA9AC9B1-2F38-7C6A-0245-A0CD7B661495">
<createdBy>sergi</createdBy>
<createdTime>2024-09-17 03:12:32 UTC</createdTime>
<ownerDesignName>logico</ownerDesignName>
<engineerTo>
<item key="D41DC297-8ACE-B51B-921A-07525162A6A2" value="true"/>
</engineerTo>
<sourcePk>719656A8-F08C-1976-4D70-40BC725EC199</sourcePk>
<identifying>true</identifying>
<optionalSource>false</optionalSource>
<optionalTarget>false</optionalTarget>
<sourceCardinality>1</sourceCardinality>
<sourceEntity>04F7E768-7669-3EDB-A9F6-45D408710573</sourceEntity>
<targetCardinalityString>*</targetCardinalityString>
<targetEntity>15955DD6-1A1F-E78C-004E-02430F5BBFA0</targetEntity>
<transferable>true</transferable>
<deleteRule>NO ACTION</deleteRule>
</Relation>