<?xml version = '1.0' encoding = 'UTF-8'?>
<Relation class="oracle.dbtools.crest.model.design.logical.Relation" name="Relation_5" directorySegmentName="seg_0" id="BC330079-4902-8516-E393-E3DA1D1AC34C">
<createdBy>sergi</createdBy>
<createdTime>2024-09-17 03:12:28 UTC</createdTime>
<ownerDesignName>logico</ownerDesignName>
<engineerTo>
<item key="D41DC297-8ACE-B51B-921A-07525162A6A2" value="true"/>
</engineerTo>
<sourcePk>1E868A15-ED8B-4EDC-B652-B3CB93DCB9BB</sourcePk>
<identifying>true</identifying>
<optionalSource>false</optionalSource>
<optionalTarget>false</optionalTarget>
<sourceCardinality>1</sourceCardinality>
<sourceEntity>3E641FBC-CBF9-53D5-39D6-C4B75416E6CC</sourceEntity>
<targetCardinalityString>*</targetCardinalityString>
<targetEntity>15955DD6-1A1F-E78C-004E-02430F5BBFA0</targetEntity>
<transferable>true</transferable>
<deleteRule>NO ACTION</deleteRule>
</Relation>