<?xml version = '1.0' encoding = 'UTF-8'?>
<Relation class="oracle.dbtools.crest.model.design.logical.Relation" name="Relation_18" directorySegmentName="seg_0" id="CCA0DD12-AC72-70A1-7851-020D750F4162">
<createdBy>sergi</createdBy>
<createdTime>2024-09-24 21:32:41 UTC</createdTime>
<ownerDesignName>logico</ownerDesignName>
<engineerTo>
<item key="D41DC297-8ACE-B51B-921A-07525162A6A2" value="true"/>
</engineerTo>
<sourcePk>1E868A15-ED8B-4EDC-B652-B3CB93DCB9BB</sourcePk>
<identifying>true</identifying>
<optionalSource>false</optionalSource>
<optionalTarget>false</optionalTarget>
<sourceCardinality>1</sourceCardinality>
<sourceEntity>3E641FBC-CBF9-53D5-39D6-C4B75416E6CC</sourceEntity>
<targetCardinalityString>*</targetCardinalityString>
<targetEntity>09A696F5-CE1A-788D-306E-ACDF9269D5D2</targetEntity>
<transferable>true</transferable>
<deleteRule>NO ACTION</deleteRule>
</Relation>