<?xml version = '1.0' encoding = 'UTF-8'?>
<Relation class="oracle.dbtools.crest.model.design.logical.Relation" name="Relation_20" directorySegmentName="seg_0" id="D8F410C3-923D-0666-9816-4560B3A349AF">
<createdBy>sergi</createdBy>
<createdTime>2024-09-24 21:34:13 UTC</createdTime>
<ownerDesignName>logico</ownerDesignName>
<engineerTo>
<item key="D41DC297-8ACE-B51B-921A-07525162A6A2" value="true"/>
</engineerTo>
<sourcePk>E1767BD2-071E-D940-818B-CAE6F8DB7859</sourcePk>
<identifying>false</identifying>
<optionalSource>false</optionalSource>
<optionalTarget>false</optionalTarget>
<sourceCardinality>1</sourceCardinality>
<sourceEntity>B61CFA77-439B-1BEE-7E9E-D296396B3B6D</sourceEntity>
<targetCardinalityString>*</targetCardinalityString>
<targetEntity>09A696F5-CE1A-788D-306E-ACDF9269D5D2</targetEntity>
<transferable>true</transferable>
<deleteRule>NO ACTION</deleteRule>
</Relation>