<?xml version = '1.0' encoding = 'UTF-8'?>
<Relation class="oracle.dbtools.crest.model.design.logical.Relation" name="Relation_4" directorySegmentName="seg_0" id="E4D66995-5F5B-3F87-19F2-BCCA8555854C">
<createdBy>sergi</createdBy>
<createdTime>2024-09-17 03:12:19 UTC</createdTime>
<ownerDesignName>logico</ownerDesignName>
<engineerTo>
<item key="D41DC297-8ACE-B51B-921A-07525162A6A2" value="true"/>
</engineerTo>
<sourcePk>4614689C-530C-6DBF-1BE7-B256A55186EA</sourcePk>
<identifying>true</identifying>
<optionalSource>false</optionalSource>
<optionalTarget>false</optionalTarget>
<sourceCardinality>1</sourceCardinality>
<sourceEntity>3348F9CD-F823-5CDE-5EE1-11F23B22DB33</sourceEntity>
<targetCardinalityString>*</targetCardinalityString>
<targetEntity>3E641FBC-CBF9-53D5-39D6-C4B75416E6CC</targetEntity>
<transferable>true</transferable>
<deleteRule>NO ACTION</deleteRule>
</Relation>