<?xml version = '1.0' encoding = 'UTF-8'?>
<Relation class="oracle.dbtools.crest.model.design.logical.Relation" name="Usuario Area FK" directorySegmentName="seg_0" id="0AEE2349-13D8-CE48-311B-E5931D40DED5">
<createdBy>sergi</createdBy>
<createdTime>2024-11-15 22:24:45 UTC</createdTime>
<generatorID>57CF5F10-0226-09A9-571E-D012A0B76A85</generatorID>
<ownerDesignName>asd</ownerDesignName>
<engineerTo>
<item key="03AD3AD2-3A56-7CE8-5941-2F91C16BA838" value="true"/>
</engineerTo>
<sourcePk>C69B68F6-5D55-1CCD-74B4-A6C40AD29E62</sourcePk>
<identifying>false</identifying>
<optionalSource>true</optionalSource>
<optionalTarget>true</optionalTarget>
<sourceCardinality>1</sourceCardinality>
<sourceEntity>094B92BD-F3F2-001C-52E3-1B8AE9CF5989</sourceEntity>
<targetCardinalityString>*</targetCardinalityString>
<targetEntity>90970748-2F1B-35D1-BFF4-DE6ADA9718F6</targetEntity>
<transferable>true</transferable>
<deleteRule>NO ACTION</deleteRule>
</Relation>