<?xml version = '1.0' encoding = 'UTF-8'?>
<Relation class="oracle.dbtools.crest.model.design.logical.Relation" name="Pregunta Encuesta FK" directorySegmentName="seg_0" id="114F152A-6527-05E6-3DFD-F5DCE555627C">
<createdBy>sergi</createdBy>
<createdTime>2024-11-15 22:24:45 UTC</createdTime>
<generatorID>69EA661E-8001-AC3C-8CF3-9B6D0190591F</generatorID>
<ownerDesignName>asd</ownerDesignName>
<engineerTo>
<item key="03AD3AD2-3A56-7CE8-5941-2F91C16BA838" value="true"/>
</engineerTo>
<sourcePk>4A0D370D-CD8E-9626-AEF1-83ADC2389388</sourcePk>
<identifying>false</identifying>
<optionalSource>true</optionalSource>
<optionalTarget>false</optionalTarget>
<sourceCardinality>1</sourceCardinality>
<sourceEntity>E71D0A03-497A-57CA-425A-9373DDC95900</sourceEntity>
<targetCardinalityString>*</targetCardinalityString>
<targetEntity>7BBD0806-8FA4-7EDA-F2F3-5DB07644D3BD</targetEntity>
<transferable>true</transferable>
<deleteRule>NO ACTION</deleteRule>
</Relation>