<?xml version = '1.0' encoding = 'UTF-8'?>
<Relation class="oracle.dbtools.crest.model.design.logical.Relation" name="Contenido LeccionCurso FK" directorySegmentName="seg_0" id="16178786-B1EB-F91D-889D-AB35A77CF65F">
<createdBy>sergi</createdBy>
<createdTime>2024-11-15 22:24:45 UTC</createdTime>
<generatorID>0A369715-1152-73F4-6482-BAE37A61342B</generatorID>
<ownerDesignName>asd</ownerDesignName>
<engineerTo>
<item key="03AD3AD2-3A56-7CE8-5941-2F91C16BA838" value="true"/>
</engineerTo>
<sourcePk>90020C92-F562-3325-5EB8-2878E075572C</sourcePk>
<identifying>false</identifying>
<optionalSource>true</optionalSource>
<optionalTarget>false</optionalTarget>
<sourceCardinality>1</sourceCardinality>
<sourceEntity>CD3996A6-30C6-B0E3-0BF6-C302907082B1</sourceEntity>
<targetCardinalityString>*</targetCardinalityString>
<targetEntity>3BEE320A-EBFA-F78C-BC61-EC0F334790C4</targetEntity>
<transferable>true</transferable>
<deleteRule>NO ACTION</deleteRule>
</Relation>