<?xml version = '1.0' encoding = 'UTF-8'?>
<Relation class="oracle.dbtools.crest.model.design.logical.Relation" name="LeccionCurso Modulo FK" directorySegmentName="seg_0" id="2B4CB5CF-4B69-FF28-521B-00323248B1A7">
<createdBy>sergi</createdBy>
<createdTime>2024-11-15 22:24:45 UTC</createdTime>
<generatorID>F78D3F7D-6A65-83BB-EEAE-4E99EDE9C6DC</generatorID>
<ownerDesignName>asd</ownerDesignName>
<engineerTo>
<item key="03AD3AD2-3A56-7CE8-5941-2F91C16BA838" value="true"/>
</engineerTo>
<sourcePk>24726E5E-A8C9-6C49-684B-E8B3E58D8563</sourcePk>
<identifying>false</identifying>
<optionalSource>true</optionalSource>
<optionalTarget>false</optionalTarget>
<sourceCardinality>1</sourceCardinality>
<sourceEntity>B2C2E5C0-55BE-6412-F999-31C0D03E9BAD</sourceEntity>
<targetCardinalityString>*</targetCardinalityString>
<targetEntity>CD3996A6-30C6-B0E3-0BF6-C302907082B1</targetEntity>
<transferable>true</transferable>
<deleteRule>NO ACTION</deleteRule>
</Relation>