<?xml version = '1.0' encoding = 'UTF-8'?>
<Relation class="oracle.dbtools.crest.model.design.logical.Relation" name="EncuestaAsignada Encuesta FK" directorySegmentName="seg_0" id="2DFAE0BD-0A94-FE92-FB2C-7024B84DC0CD">
<createdBy>sergi</createdBy>
<createdTime>2024-11-15 22:24:45 UTC</createdTime>
<generatorID>2479A01F-CE40-4D41-834E-96D3FDD1BEAE</generatorID>
<ownerDesignName>asd</ownerDesignName>
<engineerTo>
<item key="03AD3AD2-3A56-7CE8-5941-2F91C16BA838" value="true"/>
</engineerTo>
<sourcePk>4A0D370D-CD8E-9626-AEF1-83ADC2389388</sourcePk>
<identifying>false</identifying>
<optionalSource>true</optionalSource>
<optionalTarget>false</optionalTarget>
<sourceCardinality>1</sourceCardinality>
<sourceEntity>E71D0A03-497A-57CA-425A-9373DDC95900</sourceEntity>
<targetCardinalityString>*</targetCardinalityString>
<targetEntity>BDA564B0-C973-A024-531F-2BF76E21BF96</targetEntity>
<transferable>true</transferable>
<deleteRule>NO ACTION</deleteRule>
</Relation>