<?xml version = '1.0' encoding = 'UTF-8'?>
<Relation class="oracle.dbtools.crest.model.design.logical.Relation" name="CursoAsignado CursoCapacitacion FK" directorySegmentName="seg_0" id="37A10982-D8F6-7A1B-A1EA-55C584A64DDD">
<createdBy>sergi</createdBy>
<createdTime>2024-11-15 22:24:45 UTC</createdTime>
<generatorID>A13F315E-7E2D-CC2C-BFCD-03DD4F1FB02F</generatorID>
<ownerDesignName>asd</ownerDesignName>
<engineerTo>
<item key="03AD3AD2-3A56-7CE8-5941-2F91C16BA838" value="true"/>
</engineerTo>
<sourcePk>EA1179FE-CFB1-D5D4-E131-B82FFC2C680A</sourcePk>
<identifying>true</identifying>
<optionalSource>true</optionalSource>
<optionalTarget>false</optionalTarget>
<sourceCardinality>1</sourceCardinality>
<sourceEntity>96A91CEA-2310-DDF2-495C-B0D9E4746763</sourceEntity>
<targetCardinalityString>*</targetCardinalityString>
<targetEntity>3FCCD39D-0C02-5756-B3B0-BAA6B96C7357</targetEntity>
<transferable>true</transferable>
<deleteRule>NO ACTION</deleteRule>
</Relation>