<?xml version = '1.0' encoding = 'UTF-8'?>
<Relation class="oracle.dbtools.crest.model.design.logical.Relation" name="Respuesta Pregunta FK" directorySegmentName="seg_0" id="5C674457-F52F-83BB-1F4F-B946C0BEF8F7">
<createdBy>sergi</createdBy>
<createdTime>2024-11-15 22:24:45 UTC</createdTime>
<generatorID>C6FB64DE-CC0E-1B2A-83EF-BDE31A3A1FBC</generatorID>
<ownerDesignName>asd</ownerDesignName>
<engineerTo>
<item key="03AD3AD2-3A56-7CE8-5941-2F91C16BA838" value="true"/>
</engineerTo>
<sourcePk>89F16D96-4DFB-65F0-0DB6-DF51A50E4E03</sourcePk>
<identifying>false</identifying>
<optionalSource>true</optionalSource>
<optionalTarget>true</optionalTarget>
<sourceCardinality>1</sourceCardinality>
<sourceEntity>7BBD0806-8FA4-7EDA-F2F3-5DB07644D3BD</sourceEntity>
<targetCardinalityString>*</targetCardinalityString>
<targetEntity>5A93CE5C-8D34-BE2E-4E42-9D0618FFD9DE</targetEntity>
<transferable>true</transferable>
<deleteRule>NO ACTION</deleteRule>
</Relation>