<?xml version = '1.0' encoding = 'UTF-8'?>
<Relation class="oracle.dbtools.crest.model.design.logical.Relation" name="CursoAsignado Usuario FK" directorySegmentName="seg_0" id="62CFD48D-9566-1178-2060-3D2567CFC06A">
<createdBy>sergi</createdBy>
<createdTime>2024-11-15 22:24:45 UTC</createdTime>
<generatorID>B7E7F07F-9AAB-84E1-8E17-596DED764511</generatorID>
<ownerDesignName>asd</ownerDesignName>
<engineerTo>
<item key="03AD3AD2-3A56-7CE8-5941-2F91C16BA838" value="true"/>
</engineerTo>
<sourcePk>BC589BE7-F303-AC1B-846C-1AE353F33F06</sourcePk>
<identifying>true</identifying>
<optionalSource>true</optionalSource>
<optionalTarget>false</optionalTarget>
<sourceCardinality>1</sourceCardinality>
<sourceEntity>90970748-2F1B-35D1-BFF4-DE6ADA9718F6</sourceEntity>
<targetCardinalityString>*</targetCardinalityString>
<targetEntity>3FCCD39D-0C02-5756-B3B0-BAA6B96C7357</targetEntity>
<transferable>true</transferable>
<deleteRule>NO ACTION</deleteRule>
</Relation>