<?xml version = '1.0' encoding = 'UTF-8'?>
<Relation class="oracle.dbtools.crest.model.design.logical.Relation" name="Respuesta Usuario FK" directorySegmentName="seg_0" id="744B9BF2-A2E6-F175-B495-3147DC58FE56">
<createdBy>sergi</createdBy>
<createdTime>2024-11-15 22:24:45 UTC</createdTime>
<generatorID>18A1A006-D720-76F0-40AA-4FFBC715DE2C</generatorID>
<ownerDesignName>asd</ownerDesignName>
<engineerTo>
<item key="03AD3AD2-3A56-7CE8-5941-2F91C16BA838" value="true"/>
</engineerTo>
<sourcePk>BC589BE7-F303-AC1B-846C-1AE353F33F06</sourcePk>
<identifying>false</identifying>
<optionalSource>true</optionalSource>
<optionalTarget>false</optionalTarget>
<sourceCardinality>1</sourceCardinality>
<sourceEntity>90970748-2F1B-35D1-BFF4-DE6ADA9718F6</sourceEntity>
<targetCardinalityString>*</targetCardinalityString>
<targetEntity>5A93CE5C-8D34-BE2E-4E42-9D0618FFD9DE</targetEntity>
<transferable>true</transferable>
<deleteRule>NO ACTION</deleteRule>
</Relation>