<?xml version = '1.0' encoding = 'UTF-8'?>
<Relation class="oracle.dbtools.crest.model.design.logical.Relation" name="Usuario Rol FK" directorySegmentName="seg_0" id="A4357DB2-9B61-5C13-C12F-53D750F56AF8">
<createdBy>sergi</createdBy>
<createdTime>2024-11-15 22:24:45 UTC</createdTime>
<generatorID>81A87218-C12B-314D-7CF2-B0CAAD27A2CB</generatorID>
<ownerDesignName>asd</ownerDesignName>
<engineerTo>
<item key="03AD3AD2-3A56-7CE8-5941-2F91C16BA838" value="true"/>
</engineerTo>
<sourcePk>5BDC6BFD-0151-7F2C-EB9F-393DEB1CEF4F</sourcePk>
<identifying>false</identifying>
<optionalSource>true</optionalSource>
<optionalTarget>false</optionalTarget>
<sourceCardinality>1</sourceCardinality>
<sourceEntity>ADAD2508-C353-1027-0A1B-21F9DF530DD0</sourceEntity>
<targetCardinalityString>*</targetCardinalityString>
<targetEntity>90970748-2F1B-35D1-BFF4-DE6ADA9718F6</targetEntity>
<transferable>true</transferable>
<deleteRule>NO ACTION</deleteRule>
</Relation>