<?xml version = '1.0' encoding = 'UTF-8'?>
<Relation class="oracle.dbtools.crest.model.design.logical.Relation" name="Respuesta OpcionRespuesta FK" directorySegmentName="seg_0" id="A6B5F9C4-4AAB-53F9-0329-10D93EC876A4">
<createdBy>sergi</createdBy>
<createdTime>2024-11-15 22:24:45 UTC</createdTime>
<generatorID>BE7A819C-8569-F84F-7E7C-BFB3BC017428</generatorID>
<ownerDesignName>asd</ownerDesignName>
<engineerTo>
<item key="03AD3AD2-3A56-7CE8-5941-2F91C16BA838" value="true"/>
</engineerTo>
<sourcePk>82131E04-0077-FA6C-5A1A-19A5F84D78C7</sourcePk>
<identifying>false</identifying>
<optionalSource>true</optionalSource>
<optionalTarget>true</optionalTarget>
<sourceCardinality>1</sourceCardinality>
<sourceEntity>CA110743-2F47-EC19-19D7-031F01FD7529</sourceEntity>
<targetCardinalityString>*</targetCardinalityString>
<targetEntity>5A93CE5C-8D34-BE2E-4E42-9D0618FFD9DE</targetEntity>
<transferable>true</transferable>
<deleteRule>NO ACTION</deleteRule>
</Relation>