<?xml version = '1.0' encoding = 'UTF-8'?>
<Relation class="oracle.dbtools.crest.model.design.logical.Relation" name="Cumplimiento leccion LeccionCurso FK" directorySegmentName="seg_0" id="C82AC34D-03AF-760C-3908-A2D193AD779C">
<createdBy>sergi</createdBy>
<createdTime>2024-11-15 22:24:45 UTC</createdTime>
<generatorID>85129F0E-5476-3A6F-2616-5105F0D0E51C</generatorID>
<ownerDesignName>asd</ownerDesignName>
<engineerTo>
<item key="03AD3AD2-3A56-7CE8-5941-2F91C16BA838" value="true"/>
</engineerTo>
<sourcePk>90020C92-F562-3325-5EB8-2878E075572C</sourcePk>
<identifying>true</identifying>
<optionalSource>true</optionalSource>
<optionalTarget>false</optionalTarget>
<sourceCardinality>1</sourceCardinality>
<sourceEntity>CD3996A6-30C6-B0E3-0BF6-C302907082B1</sourceEntity>
<targetCardinalityString>*</targetCardinalityString>
<targetEntity>FFEB24DE-D6C8-A1ED-A552-612A9DF5D1E5</targetEntity>
<transferable>true</transferable>
<deleteRule>NO ACTION</deleteRule>
</Relation>