<?xml version = '1.0' encoding = 'UTF-8'?>
<Relation class="oracle.dbtools.crest.model.design.logical.Relation" name="Cumplimiento leccion Usuario FK" directorySegmentName="seg_0" id="C94875E5-7D69-D56E-CC4E-EA928A7A3CBE">
<createdBy>sergi</createdBy>
<createdTime>2024-11-15 22:24:45 UTC</createdTime>
<generatorID>529191FB-AE7C-626D-E2FE-0682EF1B4E80</generatorID>
<ownerDesignName>asd</ownerDesignName>
<engineerTo>
<item key="03AD3AD2-3A56-7CE8-5941-2F91C16BA838" value="true"/>
</engineerTo>
<sourcePk>BC589BE7-F303-AC1B-846C-1AE353F33F06</sourcePk>
<identifying>true</identifying>
<optionalSource>true</optionalSource>
<optionalTarget>false</optionalTarget>
<sourceCardinality>1</sourceCardinality>
<sourceEntity>90970748-2F1B-35D1-BFF4-DE6ADA9718F6</sourceEntity>
<targetCardinalityString>*</targetCardinalityString>
<targetEntity>FFEB24DE-D6C8-A1ED-A552-612A9DF5D1E5</targetEntity>
<transferable>true</transferable>
<deleteRule>NO ACTION</deleteRule>
</Relation>