<?xml version = '1.0' encoding = 'UTF-8'?>
<Relation class="oracle.dbtools.crest.model.design.logical.Relation" name="EncuestaAsignada Usuario FK" directorySegmentName="seg_0" id="DCCF9E5B-877C-8DA8-A248-89077299152C">
<createdBy>sergi</createdBy>
<createdTime>2024-11-15 22:24:45 UTC</createdTime>
<generatorID>C26E0793-B031-3D3F-A2BD-ADCEA08E406B</generatorID>
<ownerDesignName>asd</ownerDesignName>
<engineerTo>
<item key="03AD3AD2-3A56-7CE8-5941-2F91C16BA838" value="true"/>
</engineerTo>
<sourcePk>BC589BE7-F303-AC1B-846C-1AE353F33F06</sourcePk>
<identifying>false</identifying>
<optionalSource>true</optionalSource>
<optionalTarget>false</optionalTarget>
<sourceCardinality>1</sourceCardinality>
<sourceEntity>90970748-2F1B-35D1-BFF4-DE6ADA9718F6</sourceEntity>
<targetCardinalityString>*</targetCardinalityString>
<targetEntity>BDA564B0-C973-A024-531F-2BF76E21BF96</targetEntity>
<transferable>true</transferable>
<deleteRule>NO ACTION</deleteRule>
</Relation>