<?xml version = '1.0' encoding = 'UTF-8'?>
<Relation class="oracle.dbtools.crest.model.design.logical.Relation" name="Modulo CursoCapacitacion FK" directorySegmentName="seg_0" id="F292A720-BD42-AEF2-AD9D-F0061D259129">
<createdBy>sergi</createdBy>
<createdTime>2024-11-15 22:24:45 UTC</createdTime>
<generatorID>E549675B-4724-7857-233B-05EEBF68E055</generatorID>
<ownerDesignName>asd</ownerDesignName>
<engineerTo>
<item key="03AD3AD2-3A56-7CE8-5941-2F91C16BA838" value="true"/>
</engineerTo>
<sourcePk>EA1179FE-CFB1-D5D4-E131-B82FFC2C680A</sourcePk>
<identifying>false</identifying>
<optionalSource>true</optionalSource>
<optionalTarget>false</optionalTarget>
<sourceCardinality>1</sourceCardinality>
<sourceEntity>96A91CEA-2310-DDF2-495C-B0D9E4746763</sourceEntity>
<targetCardinalityString>*</targetCardinalityString>
<targetEntity>B2C2E5C0-55BE-6412-F999-31C0D03E9BAD</targetEntity>
<transferable>true</transferable>
<deleteRule>NO ACTION</deleteRule>
</Relation>