<?xml version = '1.0' encoding = 'UTF-8'?>
<Relation class="oracle.dbtools.crest.model.design.logical.Relation" name="OpcionRespuesta Pregunta FK" directorySegmentName="seg_0" id="FC1D85E0-F9F7-8781-D7D4-710042D04D8B">
<createdBy>sergi</createdBy>
<createdTime>2024-11-15 22:24:45 UTC</createdTime>
<generatorID>B596EFE4-EF3C-5F05-C59B-6E7BBCD94290</generatorID>
<ownerDesignName>asd</ownerDesignName>
<engineerTo>
<item key="03AD3AD2-3A56-7CE8-5941-2F91C16BA838" value="true"/>
</engineerTo>
<sourcePk>89F16D96-4DFB-65F0-0DB6-DF51A50E4E03</sourcePk>
<identifying>false</identifying>
<optionalSource>true</optionalSource>
<optionalTarget>false</optionalTarget>
<sourceCardinality>1</sourceCardinality>
<sourceEntity>7BBD0806-8FA4-7EDA-F2F3-5DB07644D3BD</sourceEntity>
<targetCardinalityString>*</targetCardinalityString>
<targetEntity>CA110743-2F47-EC19-19D7-031F01FD7529</targetEntity>
<transferable>true</transferable>
<deleteRule>NO ACTION</deleteRule>
</Relation>