<?xml version = '1.0' encoding = 'UTF-8'?>
<Diagram class="oracle.dbtools.crest.swingui.logical.DPVLogical" name="Logical" id="B53E200D-5EEB-22BD-0CE0-1DA59DC19755">
<createdBy>sergi</createdBy>
<modifiedBy>sergi</modifiedBy>
<createdTime>2024-11-15 22:24:45 UTC</createdTime>
<autoRoute>false</autoRoute>
<boxInbox>true</boxInbox>
<showLegend>false</showLegend>
<showLabels>false</showLabels>
<showRelAttributes>false</showRelAttributes>
<gridEnabled>false</gridEnabled>
<showGrid>false</showGrid>
<diagramColor>-1</diagramColor>
<display>false</display>
<notation>1</notation>
<objectViews>
<OView class="oracle.dbtools.crest.swingui.logical.TVEntity" oid="094B92BD-F3F2-001C-52E3-1B8AE9CF5989" otype="Entity" vid="9C399CDB-26FD-486F-0B62-D669AFFD6D6C">
<hideElementsInCurrentOnly>false</hideElementsInCurrentOnly>
<bounds x="321" y="625" width="204" height="74"/>
</OView>
<OView class="oracle.dbtools.crest.swingui.logical.TVEntity" oid="3BEE320A-EBFA-F78C-BC61-EC0F334790C4" otype="Entity" vid="38C07FC9-C6AD-BF63-30F2-54ABC5A6BE06">
<hideElementsInCurrentOnly>false</hideElementsInCurrentOnly>
<bounds x="190" y="288" width="213" height="136"/>
</OView>
<OView class="oracle.dbtools.crest.swingui.logical.TVEntity" oid="3FCCD39D-0C02-5756-B3B0-BAA6B96C7357" otype="Entity" vid="5DDE65A1-B06D-172B-EBD5-79DA3E874974">
<hideElementsInCurrentOnly>false</hideElementsInCurrentOnly>
<bounds x="1089" y="124" width="220" height="86"/>
</OView>
<OView class="oracle.dbtools.crest.swingui.logical.TVEntity" oid="5A93CE5C-8D34-BE2E-4E42-9D0618FFD9DE" otype="Entity" vid="D8FA22B9-4AB4-BBD3-6E99-29ABBE2F42CE">
<hideElementsInCurrentOnly>false</hideElementsInCurrentOnly>
<bounds x="822" y="360" width="248" height="192"/>
</OView>
<OView class="oracle.dbtools.crest.swingui.logical.TVEntity" oid="7BBD0806-8FA4-7EDA-F2F3-5DB07644D3BD" otype="Entity" vid="7DFBC3FA-730A-BFC4-806A-C1CF5B0EDF01">
<hideElementsInCurrentOnly>false</hideElementsInCurrentOnly>
<bounds x="1142" y="432" width="206" height="122"/>
</OView>
<OView class="oracle.dbtools.crest.swingui.logical.TVEntity" oid="90970748-2F1B-35D1-BFF4-DE6ADA9718F6" otype="Entity" vid="426B5659-E51D-E5B1-C4F3-9E8B0B72A5BE">
<hideElementsInCurrentOnly>false</hideElementsInCurrentOnly>
<bounds x="538" y="366" width="222" height="163"/>
</OView>
<OView class="oracle.dbtools.crest.swingui.logical.TVEntity" oid="96A91CEA-2310-DDF2-495C-B0D9E4746763" otype="Entity" vid="79467F6A-5C52-9B4C-1110-571344D6686C">
<hideElementsInCurrentOnly>false</hideElementsInCurrentOnly>
<bounds x="805" y="91" width="227" height="130"/>
</OView>
<OView class="oracle.dbtools.crest.swingui.logical.TVEntity" oid="ADAD2508-C353-1027-0A1B-21F9DF530DD0" otype="Entity" vid="54D09596-1FDF-0508-B7C8-25893EC584C4">
<hideElementsInCurrentOnly>false</hideElementsInCurrentOnly>
<bounds x="160" y="477" width="195" height="74"/>
</OView>
<OView class="oracle.dbtools.crest.swingui.logical.TVEntity" oid="B2C2E5C0-55BE-6412-F999-31C0D03E9BAD" otype="Entity" vid="B40D6B73-C0BE-FE3D-518D-EE150CDD4633">
<hideElementsInCurrentOnly>false</hideElementsInCurrentOnly>
<bounds x="521" y="89" width="238" height="122"/>
</OView>
<OView class="oracle.dbtools.crest.swingui.logical.TVEntity" oid="BDA564B0-C973-A024-531F-2BF76E21BF96" otype="Entity" vid="385C7523-3847-A493-5556-EF31E812CFF6">
<hideElementsInCurrentOnly>false</hideElementsInCurrentOnly>
<bounds x="581" y="586" width="245" height="128"/>
</OView>
<OView class="oracle.dbtools.crest.swingui.logical.TVEntity" oid="CA110743-2F47-EC19-19D7-031F01FD7529" otype="Entity" vid="935A00F5-19BC-9921-862A-FC994A165C22">
<hideElementsInCurrentOnly>false</hideElementsInCurrentOnly>
<bounds x="1117" y="258" width="240" height="108"/>
</OView>
<OView class="oracle.dbtools.crest.swingui.logical.TVEntity" oid="CD3996A6-30C6-B0E3-0BF6-C302907082B1" otype="Entity" vid="58A0DF67-4E7C-D30C-66A9-F815897A9180">
<hideElementsInCurrentOnly>false</hideElementsInCurrentOnly>
<bounds x="170" y="84" width="258" height="136"/>
</OView>
<OView class="oracle.dbtools.crest.swingui.logical.TVEntity" oid="E71D0A03-497A-57CA-425A-9373DDC95900" otype="Entity" vid="E67B56C1-E67F-A4DB-BC28-99BD9BCA5039">
<hideElementsInCurrentOnly>false</hideElementsInCurrentOnly>
<bounds x="936" y="596" width="221" height="102"/>
</OView>
<OView class="oracle.dbtools.crest.swingui.logical.TVEntity" oid="FFEB24DE-D6C8-A1ED-A552-612A9DF5D1E5" otype="Entity" vid="41DBF0B7-1428-2D2F-3898-FD17DF08EC48">
<hideElementsInCurrentOnly>false</hideElementsInCurrentOnly>
<bounds x="556" y="241" width="208" height="83"/>
</OView>
</objectViews>
<connectors>
<Connector class="oracle.dbtools.crest.swingui.logical.TVRelation" oid="0AEE2349-13D8-CE48-311B-E5931D40DED5" otype="Relation" vid_source="9C399CDB-26FD-486F-0B62-D669AFFD6D6C" vid_target="426B5659-E51D-E5B1-C4F3-9E8B0B72A5BE">
<hideElementsInCurrentOnly>false</hideElementsInCurrentOnly>
<backgroundColor>-16777216</backgroundColor>
<lineWidth>1</lineWidth>
<points>
<point x="461" y="625"/>
<point x="563" y="529"/>
</points>
</Connector>
<Connector class="oracle.dbtools.crest.swingui.logical.TVRelation" oid="114F152A-6527-05E6-3DFD-F5DCE555627C" otype="Relation" vid_source="E67B56C1-E67F-A4DB-BC28-99BD9BCA5039" vid_target="7DFBC3FA-730A-BFC4-806A-C1CF5B0EDF01">
<hideElementsInCurrentOnly>false</hideElementsInCurrentOnly>
<backgroundColor>-16777216</backgroundColor>
<lineWidth>1</lineWidth>
<points>
<point x="1149" y="596"/>
<point x="1149" y="554"/>
</points>
</Connector>
<Connector class="oracle.dbtools.crest.swingui.logical.TVRelation" oid="16178786-B1EB-F91D-889D-AB35A77CF65F" otype="Relation" vid_source="58A0DF67-4E7C-D30C-66A9-F815897A9180" vid_target="38C07FC9-C6AD-BF63-30F2-54ABC5A6BE06">
<hideElementsInCurrentOnly>false</hideElementsInCurrentOnly>
<backgroundColor>-16777216</backgroundColor>
<lineWidth>1</lineWidth>
<points>
<point x="296" y="220"/>
<point x="296" y="288"/>
</points>
</Connector>
<Connector class="oracle.dbtools.crest.swingui.logical.TVRelation" oid="2B4CB5CF-4B69-FF28-521B-00323248B1A7" otype="Relation" vid_source="B40D6B73-C0BE-FE3D-518D-EE150CDD4633" vid_target="58A0DF67-4E7C-D30C-66A9-F815897A9180">
<hideElementsInCurrentOnly>false</hideElementsInCurrentOnly>
<backgroundColor>-16777216</backgroundColor>
<lineWidth>1</lineWidth>
<points>
<point x="521" y="150"/>
<point x="428" y="150"/>
</points>
</Connector>
<Connector class="oracle.dbtools.crest.swingui.logical.TVRelation" oid="2DFAE0BD-0A94-FE92-FB2C-7024B84DC0CD" otype="Relation" vid_source="E67B56C1-E67F-A4DB-BC28-99BD9BCA5039" vid_target="385C7523-3847-A493-5556-EF31E812CFF6">
<hideElementsInCurrentOnly>false</hideElementsInCurrentOnly>
<backgroundColor>-16777216</backgroundColor>
<lineWidth>1</lineWidth>
<points>
<point x="936" y="647"/>
<point x="826" y="647"/>
</points>
</Connector>
<Connector class="oracle.dbtools.crest.swingui.logical.TVRelation" oid="37A10982-D8F6-7A1B-A1EA-55C584A64DDD" otype="Relation" vid_source="79467F6A-5C52-9B4C-1110-571344D6686C" vid_target="5DDE65A1-B06D-172B-EBD5-79DA3E874974">
<hideElementsInCurrentOnly>false</hideElementsInCurrentOnly>
<backgroundColor>-16777216</backgroundColor>
<lineWidth>1</lineWidth>
<points>
<point x="1032" y="167"/>
<point x="1089" y="167"/>
</points>
</Connector>
<Connector class="oracle.dbtools.crest.swingui.logical.TVRelation" oid="5C674457-F52F-83BB-1F4F-B946C0BEF8F7" otype="Relation" vid_source="7DFBC3FA-730A-BFC4-806A-C1CF5B0EDF01" vid_target="D8FA22B9-4AB4-BBD3-6E99-29ABBE2F42CE">
<hideElementsInCurrentOnly>false</hideElementsInCurrentOnly>
<backgroundColor>-16777216</backgroundColor>
<lineWidth>1</lineWidth>
<points>
<point x="1142" y="492"/>
<point x="1070" y="492"/>
</points>
</Connector>
<Connector class="oracle.dbtools.crest.swingui.logical.TVRelation" oid="62CFD48D-9566-1178-2060-3D2567CFC06A" otype="Relation" vid_source="426B5659-E51D-E5B1-C4F3-9E8B0B72A5BE" vid_target="5DDE65A1-B06D-172B-EBD5-79DA3E874974">
<hideElementsInCurrentOnly>false</hideElementsInCurrentOnly>
<backgroundColor>-16777216</backgroundColor>
<lineWidth>1</lineWidth>
<points>
<point x="760" y="390"/>
<point x="1114" y="210"/>
</points>
</Connector>
<Connector class="oracle.dbtools.crest.swingui.logical.TVRelation" oid="744B9BF2-A2E6-F175-B495-3147DC58FE56" otype="Relation" vid_source="426B5659-E51D-E5B1-C4F3-9E8B0B72A5BE" vid_target="D8FA22B9-4AB4-BBD3-6E99-29ABBE2F42CE">
<hideElementsInCurrentOnly>false</hideElementsInCurrentOnly>
<backgroundColor>-16777216</backgroundColor>
<lineWidth>1</lineWidth>
<points>
<point x="760" y="447"/>
<point x="822" y="447"/>
</points>
</Connector>
<Connector class="oracle.dbtools.crest.swingui.logical.TVRelation" oid="A4357DB2-9B61-5C13-C12F-53D750F56AF8" otype="Relation" vid_source="54D09596-1FDF-0508-B7C8-25893EC584C4" vid_target="426B5659-E51D-E5B1-C4F3-9E8B0B72A5BE">
<hideElementsInCurrentOnly>false</hideElementsInCurrentOnly>
<backgroundColor>-16777216</backgroundColor>
<lineWidth>1</lineWidth>
<points>
<point x="355" y="503"/>
<point x="538" y="503"/>
</points>
</Connector>
<Connector class="oracle.dbtools.crest.swingui.logical.TVRelation" oid="A6B5F9C4-4AAB-53F9-0329-10D93EC876A4" otype="Relation" vid_source="935A00F5-19BC-9921-862A-FC994A165C22" vid_target="D8FA22B9-4AB4-BBD3-6E99-29ABBE2F42CE">
<hideElementsInCurrentOnly>false</hideElementsInCurrentOnly>
<backgroundColor>-16777216</backgroundColor>
<lineWidth>1</lineWidth>
<points>
<point x="1117" y="363"/>
<point x="1070" y="363"/>
</points>
</Connector>
<Connector class="oracle.dbtools.crest.swingui.logical.TVRelation" oid="C82AC34D-03AF-760C-3908-A2D193AD779C" otype="Relation" vid_source="58A0DF67-4E7C-D30C-66A9-F815897A9180" vid_target="41DBF0B7-1428-2D2F-3898-FD17DF08EC48">
<hideElementsInCurrentOnly>false</hideElementsInCurrentOnly>
<backgroundColor>-16777216</backgroundColor>
<lineWidth>1</lineWidth>
<points>
<point x="428" y="198"/>
<point x="556" y="244"/>
</points>
</Connector>
<Connector class="oracle.dbtools.crest.swingui.logical.TVRelation" oid="C94875E5-7D69-D56E-CC4E-EA928A7A3CBE" otype="Relation" vid_source="426B5659-E51D-E5B1-C4F3-9E8B0B72A5BE" vid_target="41DBF0B7-1428-2D2F-3898-FD17DF08EC48">
<hideElementsInCurrentOnly>false</hideElementsInCurrentOnly>
<backgroundColor>-16777216</backgroundColor>
<lineWidth>1</lineWidth>
<points>
<point x="658" y="366"/>
<point x="658" y="324"/>
</points>
</Connector>
<Connector class="oracle.dbtools.crest.swingui.logical.TVRelation" oid="DCCF9E5B-877C-8DA8-A248-89077299152C" otype="Relation" vid_source="426B5659-E51D-E5B1-C4F3-9E8B0B72A5BE" vid_target="385C7523-3847-A493-5556-EF31E812CFF6">
<hideElementsInCurrentOnly>false</hideElementsInCurrentOnly>
<backgroundColor>-16777216</backgroundColor>
<lineWidth>1</lineWidth>
<points>
<point x="670" y="529"/>
<point x="670" y="586"/>
</points>
</Connector>
<Connector class="oracle.dbtools.crest.swingui.logical.TVRelation" oid="F292A720-BD42-AEF2-AD9D-F0061D259129" otype="Relation" vid_source="79467F6A-5C52-9B4C-1110-571344D6686C" vid_target="B40D6B73-C0BE-FE3D-518D-EE150CDD4633">
<hideElementsInCurrentOnly>false</hideElementsInCurrentOnly>
<backgroundColor>-16777216</backgroundColor>
<lineWidth>1</lineWidth>
<points>
<point x="805" y="151"/>
<point x="759" y="151"/>
</points>
</Connector>
<Connector class="oracle.dbtools.crest.swingui.logical.TVRelation" oid="FC1D85E0-F9F7-8781-D7D4-710042D04D8B" otype="Relation" vid_source="7DFBC3FA-730A-BFC4-806A-C1CF5B0EDF01" vid_target="935A00F5-19BC-9921-862A-FC994A165C22">
<hideElementsInCurrentOnly>false</hideElementsInCurrentOnly>
<backgroundColor>-16777216</backgroundColor>
<lineWidth>1</lineWidth>
<points>
<point x="1245" y="432"/>
<point x="1245" y="366"/>
</points>
</Connector>
</connectors>
</Diagram>