<?xml version = '1.0' encoding = 'UTF-8'?>
<Table class="oracle.dbtools.crest.model.design.relational.Table" directorySegmentName="seg_0" id="0A1B0950-E7D0-B74F-F58C-7AB7D365ED86" name="LeccionCurso">
<sourceDDLFile>a (2).sql</sourceDDLFile>
<createdBy>sergi</createdBy>
<createdTime>2024-11-15 22:22:37 UTC</createdTime>
<ownerDesignName>asd</ownerDesignName>
<importedID>6162EAFA-5CE0-D436-6A30-58B9529FF110</importedID>
<allowColumnReorder>false</allowColumnReorder>
<existDependencyGenerateInDDl>true</existDependencyGenerateInDDl>
<parsed>true</parsed>
<columns itemClass="oracle.dbtools.crest.model.design.relational.Column">
<Column name="id_leccion" id="94CB1016-BF10-72EB-CC0E-67419D0121E0">
<sourceDDLFile>a (2).sql</sourceDDLFile>
<createdBy>sergi</createdBy>
<createdTime>2024-11-15 22:22:37 UTC</createdTime>
<ownerDesignName>asd</ownerDesignName>
<importedID>52FDFA0E-ACE0-9A8D-B6C8-3F5620A651A0</importedID>
<useDomainConstraints>false</useDomainConstraints>
<use>1</use>
<logicalDatatype>LOGDT011</logicalDatatype>
<ownDataTypeParameters>,,</ownDataTypeParameters>
<autoIncrementCycle>false</autoIncrementCycle>
</Column>
<Column name="nombre_leccion" id="0CF7168E-1430-1CA9-F45C-B3E620180632">
<sourceDDLFile>a (2).sql</sourceDDLFile>
<createdBy>sergi</createdBy>
<createdTime>2024-11-15 22:22:37 UTC</createdTime>
<ownerDesignName>asd</ownerDesignName>
<importedID>E8C24237-44A7-3D9A-A810-5524B2F0C16B</importedID>
<use>0</use>
<logicalDatatype>LOGDT024</logicalDatatype>
<domain>B8319EFB-B205-5E1B-28BC-436C25A277F1</domain>
<ownDataTypeParameters>,,</ownDataTypeParameters>
<autoIncrementCycle>false</autoIncrementCycle>
</Column>
<Column name="descripcion_leccion" id="10BCF55B-98C2-9760-9966-53680A158DC5">
<sourceDDLFile>a (2).sql</sourceDDLFile>
<createdBy>sergi</createdBy>
<createdTime>2024-11-15 22:22:37 UTC</createdTime>
<ownerDesignName>asd</ownerDesignName>
<importedID>6B9FEC81-2FE8-E231-B42D-F21760517684</importedID>
<use>0</use>
<ownDataTypeParameters>,,</ownDataTypeParameters>
<autoIncrementCycle>false</autoIncrementCycle>
</Column>
<Column name="fecha_de_creacion_leccion" id="50FACDC0-FEFD-FD49-5D9A-05BFD970302D">
<sourceDDLFile>a (2).sql</sourceDDLFile>
<createdBy>sergi</createdBy>
<createdTime>2024-11-15 22:22:37 UTC</createdTime>
<ownerDesignName>asd</ownerDesignName>
<importedID>86BAFBFB-E9CB-C88D-E899-CD155BA92628</importedID>
<use>0</use>
<logicalDatatype>LOGDT015</logicalDatatype>
<domain>6D2E53AF-5804-23E4-1305-B77EA0EE7865</domain>
<ownDataTypeParameters>,,</ownDataTypeParameters>
<autoIncrementCycle>false</autoIncrementCycle>
</Column>
<Column name="Modulo_id_modulo" id="668030C0-3D05-619C-F088-DF7DF06D3EF3">
<sourceDDLFile>a (2).sql</sourceDDLFile>
<createdBy>sergi</createdBy>
<createdTime>2024-11-15 22:22:37 UTC</createdTime>
<ownerDesignName>asd</ownerDesignName>
<importedID>838D41AC-D66F-8C43-984E-6ED726956E97</importedID>
<useDomainConstraints>false</useDomainConstraints>
<use>1</use>
<logicalDatatype>LOGDT011</logicalDatatype>
<ownDataTypeParameters>,,</ownDataTypeParameters>
<autoIncrementCycle>false</autoIncrementCycle>
<associations>
<colAssociation fkAssociation="F78D3F7D-6A65-83BB-EEAE-4E99EDE9C6DC" referredColumn="F84D4B7B-08FF-C356-9559-5893016375B6"/>
</associations>
</Column>
</columns>
<indexes itemClass="oracle.dbtools.crest.model.design.relational.Index">
<ind_PK_UK id="B659738E-8F9F-6558-169C-BBA71E3481EE" name="LeccionCurso_PK">
<sourceDDLFile>a (2).sql</sourceDDLFile>
<createdBy>sergi</createdBy>
<createdTime>2024-11-15 22:22:37 UTC</createdTime>
<ownerDesignName>asd</ownerDesignName>
<importedID>42B4D793-B353-5133-D8E0-FE4235469467</importedID>
<pk>true</pk>
<indexState>Primary Constraint</indexState>
<isSurrogateKey>false</isSurrogateKey>
<indexColumnUsage>
<colUsage columnID="94CB1016-BF10-72EB-CC0E-67419D0121E0"/>
</indexColumnUsage>
</ind_PK_UK>
<ind_PK_UK id="648C1C9D-9EEE-CBB3-74DF-49577ED28093" name="LeccionCurso_Modulo_FK">
<createdBy>sergi</createdBy>
<createdTime>2024-11-15 22:22:37 UTC</createdTime>
<ownerDesignName>asd</ownerDesignName>
<indexState>Foreign Key</indexState>
<isSurrogateKey>false</isSurrogateKey>
<indexColumnUsage>
<colUsage columnID="668030C0-3D05-619C-F088-DF7DF06D3EF3"/>
</indexColumnUsage>
</ind_PK_UK>
</indexes>
</Table>