<?xml version = '1.0' encoding = 'UTF-8'?>
<Table class="oracle.dbtools.crest.model.design.relational.Table" directorySegmentName="seg_0" id="16797703-33F8-32E6-3650-0503EDA1B8CB" name="Respuesta">
<sourceDDLFile>a (2).sql</sourceDDLFile>
<createdBy>sergi</createdBy>
<createdTime>2024-11-15 22:22:37 UTC</createdTime>
<ownerDesignName>asd</ownerDesignName>
<importedID>C17BAFFA-15F2-47C9-1714-CC5BE2AC9067</importedID>
<allowColumnReorder>false</allowColumnReorder>
<existDependencyGenerateInDDl>true</existDependencyGenerateInDDl>
<parsed>true</parsed>
<columns itemClass="oracle.dbtools.crest.model.design.relational.Column">
<Column name="id_respuesta" id="3E4351F1-85C2-5FB5-9DFA-8B3B5D2B6928">
<sourceDDLFile>a (2).sql</sourceDDLFile>
<createdBy>sergi</createdBy>
<createdTime>2024-11-15 22:22:37 UTC</createdTime>
<ownerDesignName>asd</ownerDesignName>
<importedID>CD518D8B-34E6-6D5B-5A83-BAE2FF81603F</importedID>
<useDomainConstraints>false</useDomainConstraints>
<use>1</use>
<logicalDatatype>LOGDT011</logicalDatatype>
<ownDataTypeParameters>,,</ownDataTypeParameters>
<autoIncrementCycle>false</autoIncrementCycle>
</Column>
<Column name="texto_respuesta" id="9E075985-6286-FFF6-AD7D-962EBB75E5CE">
<sourceDDLFile>a (2).sql</sourceDDLFile>
<createdBy>sergi</createdBy>
<createdTime>2024-11-15 22:22:37 UTC</createdTime>
<ownerDesignName>asd</ownerDesignName>
<importedID>49832B12-E485-F7D3-F553-17A9454EA118</importedID>
<nullsAllowed>true</nullsAllowed>
<use>0</use>
<logicalDatatype>LOGDT024</logicalDatatype>
<domain>B8319EFB-B205-5E1B-28BC-436C25A277F1</domain>
<ownDataTypeParameters>,,</ownDataTypeParameters>
<autoIncrementCycle>false</autoIncrementCycle>
</Column>
<Column name="fecha_respuesta" id="44EA4EE3-D6CB-E21A-D9CE-001F816BD892">
<sourceDDLFile>a (2).sql</sourceDDLFile>
<createdBy>sergi</createdBy>
<createdTime>2024-11-15 22:22:37 UTC</createdTime>
<ownerDesignName>asd</ownerDesignName>
<importedID>B5C8C0A2-9268-4511-28FD-34A258AD754C</importedID>
<use>0</use>
<logicalDatatype>LOGDT015</logicalDatatype>
<domain>6D2E53AF-5804-23E4-1305-B77EA0EE7865</domain>
<ownDataTypeParameters>,,</ownDataTypeParameters>
<autoIncrementCycle>false</autoIncrementCycle>
</Column>
<Column name="Usuario_rut" id="7A847BAE-7B75-3C3D-6D22-1A2CE8A8A9BA">
<sourceDDLFile>a (2).sql</sourceDDLFile>
<createdBy>sergi</createdBy>
<createdTime>2024-11-15 22:22:37 UTC</createdTime>
<ownerDesignName>asd</ownerDesignName>
<importedID>7B1759DE-B29F-8129-235B-89386DC185D5</importedID>
<use>0</use>
<logicalDatatype>LOGDT024</logicalDatatype>
<domain>AC38D426-1D0B-429C-CFEB-506DA1FC6A89</domain>
<ownDataTypeParameters>,,</ownDataTypeParameters>
<autoIncrementCycle>false</autoIncrementCycle>
<associations>
<colAssociation fkAssociation="18A1A006-D720-76F0-40AA-4FFBC715DE2C" referredColumn="87D37107-24E0-8BF8-84C1-0FFD535CCE91"/>
</associations>
</Column>
<Column name="OpcionRespuesta_id_opcion" id="DC0FDF1C-2670-0740-617B-226899191DB1">
<sourceDDLFile>a (2).sql</sourceDDLFile>
<createdBy>sergi</createdBy>
<createdTime>2024-11-15 22:22:37 UTC</createdTime>
<ownerDesignName>asd</ownerDesignName>
<importedID>D3699DD4-E0F7-C814-A469-DDEF5042FCFB</importedID>
<nullsAllowed>true</nullsAllowed>
<useDomainConstraints>false</useDomainConstraints>
<use>1</use>
<logicalDatatype>LOGDT011</logicalDatatype>
<ownDataTypeParameters>,,</ownDataTypeParameters>
<autoIncrementCycle>false</autoIncrementCycle>
<associations>
<colAssociation fkAssociation="BE7A819C-8569-F84F-7E7C-BFB3BC017428" referredColumn="4AD9210D-8C96-A210-A654-3FB2F05408E2"/>
</associations>
</Column>
<Column name="Pregunta_id_pregunta" id="A3DEBE2E-F3E4-55DB-BCE4-71BF006B8755">
<sourceDDLFile>a (2).sql</sourceDDLFile>
<createdBy>sergi</createdBy>
<createdTime>2024-11-15 22:22:37 UTC</createdTime>
<ownerDesignName>asd</ownerDesignName>
<importedID>0B3B2ACE-E6EF-F5C2-6B34-9F717D928E22</importedID>
<nullsAllowed>true</nullsAllowed>
<useDomainConstraints>false</useDomainConstraints>
<use>1</use>
<logicalDatatype>LOGDT011</logicalDatatype>
<ownDataTypeParameters>,,</ownDataTypeParameters>
<autoIncrementCycle>false</autoIncrementCycle>
<associations>
<colAssociation fkAssociation="C6FB64DE-CC0E-1B2A-83EF-BDE31A3A1FBC" referredColumn="44A45CC4-A0DF-05AD-632D-3D8636668140"/>
</associations>
</Column>
</columns>
<indexes itemClass="oracle.dbtools.crest.model.design.relational.Index">
<ind_PK_UK id="1924EC7F-8D7F-FDDE-4685-4A77A02D8280" name="Respuesta_PK">
<sourceDDLFile>a (2).sql</sourceDDLFile>
<createdBy>sergi</createdBy>
<createdTime>2024-11-15 22:22:37 UTC</createdTime>
<ownerDesignName>asd</ownerDesignName>
<importedID>A175DF6B-D36A-8064-139D-FABDA0AA3CD6</importedID>
<pk>true</pk>
<indexState>Primary Constraint</indexState>
<isSurrogateKey>false</isSurrogateKey>
<indexColumnUsage>
<colUsage columnID="3E4351F1-85C2-5FB5-9DFA-8B3B5D2B6928"/>
</indexColumnUsage>
</ind_PK_UK>
<ind_PK_UK id="12674A4F-BDFB-CA7F-FD29-FADF34B4AFDF" name="Respuesta_Usuario_rut_Pregunta_id_pregunta_UN">
<sourceDDLFile>a (2).sql</sourceDDLFile>
<createdBy>sergi</createdBy>
<createdTime>2024-11-15 22:22:37 UTC</createdTime>
<ownerDesignName>asd</ownerDesignName>
<importedID>C33344A1-6B88-98F8-182E-9FA9D590035E</importedID>
<indexState>Unique Constraint</indexState>
<isSurrogateKey>false</isSurrogateKey>
<indexColumnUsage>
<colUsage columnID="7A847BAE-7B75-3C3D-6D22-1A2CE8A8A9BA"/>
<colUsage columnID="A3DEBE2E-F3E4-55DB-BCE4-71BF006B8755"/>
</indexColumnUsage>
</ind_PK_UK>
<ind_PK_UK id="CE060A74-731F-97F4-F749-43EA223DBE09" name="Respuesta_OpcionRespuesta_FK">
<createdBy>sergi</createdBy>
<createdTime>2024-11-15 22:22:37 UTC</createdTime>
<ownerDesignName>asd</ownerDesignName>
<indexState>Foreign Key</indexState>
<isSurrogateKey>false</isSurrogateKey>
<indexColumnUsage>
<colUsage columnID="DC0FDF1C-2670-0740-617B-226899191DB1"/>
</indexColumnUsage>
</ind_PK_UK>
<ind_PK_UK id="58D08B02-195C-46F9-B21F-DA7C38E8B9D7" name="Respuesta_Pregunta_FK">
<createdBy>sergi</createdBy>
<createdTime>2024-11-15 22:22:37 UTC</createdTime>
<ownerDesignName>asd</ownerDesignName>
<indexState>Foreign Key</indexState>
<isSurrogateKey>false</isSurrogateKey>
<indexColumnUsage>
<colUsage columnID="A3DEBE2E-F3E4-55DB-BCE4-71BF006B8755"/>
</indexColumnUsage>
</ind_PK_UK>
<ind_PK_UK id="7F9A8181-DF25-3FBD-47BB-1472FB441320" name="Respuesta_Usuario_FK">
<createdBy>sergi</createdBy>
<createdTime>2024-11-15 22:22:37 UTC</createdTime>
<ownerDesignName>asd</ownerDesignName>
<indexState>Foreign Key</indexState>
<isSurrogateKey>false</isSurrogateKey>
<indexColumnUsage>
<colUsage columnID="7A847BAE-7B75-3C3D-6D22-1A2CE8A8A9BA"/>
</indexColumnUsage>
</ind_PK_UK>
</indexes>
</Table>