<?xml version = '1.0' encoding = 'UTF-8'?>
<Table class="oracle.dbtools.crest.model.design.relational.Table" directorySegmentName="seg_0" id="34734ECA-C853-D896-7882-7CC7BDCA86AE" name="Pregunta">
<sourceDDLFile>a (2).sql</sourceDDLFile>
<createdBy>sergi</createdBy>
<createdTime>2024-11-15 22:22:37 UTC</createdTime>
<ownerDesignName>asd</ownerDesignName>
<importedID>BCCC4D94-079B-611C-2291-202C5D26D12C</importedID>
<allowColumnReorder>false</allowColumnReorder>
<existDependencyGenerateInDDl>true</existDependencyGenerateInDDl>
<parsed>true</parsed>
<columns itemClass="oracle.dbtools.crest.model.design.relational.Column">
<Column name="id_pregunta" id="44A45CC4-A0DF-05AD-632D-3D8636668140">
<sourceDDLFile>a (2).sql</sourceDDLFile>
<createdBy>sergi</createdBy>
<createdTime>2024-11-15 22:22:37 UTC</createdTime>
<ownerDesignName>asd</ownerDesignName>
<importedID>55279537-D410-E582-FBA1-5EB45B6FA348</importedID>
<useDomainConstraints>false</useDomainConstraints>
<use>1</use>
<logicalDatatype>LOGDT011</logicalDatatype>
<ownDataTypeParameters>,,</ownDataTypeParameters>
<autoIncrementCycle>false</autoIncrementCycle>
</Column>
<Column name="texto_pregunta" id="79841566-AA1C-3D58-31AF-96ED3C227896">
<sourceDDLFile>a (2).sql</sourceDDLFile>
<createdBy>sergi</createdBy>
<createdTime>2024-11-15 22:22:37 UTC</createdTime>
<ownerDesignName>asd</ownerDesignName>
<importedID>9166C3DC-8BF8-ED4E-8BAF-313F4FECDD8C</importedID>
<useDomainConstraints>false</useDomainConstraints>
<use>1</use>
<logicalDatatype>LOGDT024</logicalDatatype>
<ownDataTypeParameters>,,</ownDataTypeParameters>
<autoIncrementCycle>false</autoIncrementCycle>
</Column>
<Column name="tipo_respuesta" id="ED5532B3-5E51-70FC-987A-4D876096E1FD">
<sourceDDLFile>a (2).sql</sourceDDLFile>
<createdBy>sergi</createdBy>
<createdTime>2024-11-15 22:22:37 UTC</createdTime>
<ownerDesignName>asd</ownerDesignName>
<importedID>B43E8458-4925-C050-7BC1-45A7525877FC</importedID>
<use>0</use>
<logicalDatatype>LOGDT024</logicalDatatype>
<domain>31BD6E58-E27F-79C5-AC15-E800595EA59D</domain>
<ownDataTypeParameters>,,</ownDataTypeParameters>
<autoIncrementCycle>false</autoIncrementCycle>
</Column>
<Column name="Encuesta_id_encuesta" id="5EBF98EB-4449-6CF9-D1D0-42FF52711D63">
<sourceDDLFile>a (2).sql</sourceDDLFile>
<createdBy>sergi</createdBy>
<createdTime>2024-11-15 22:22:37 UTC</createdTime>
<ownerDesignName>asd</ownerDesignName>
<importedID>0AE49BC0-CAB0-66E8-FB0C-93843BD3D991</importedID>
<useDomainConstraints>false</useDomainConstraints>
<use>1</use>
<logicalDatatype>LOGDT011</logicalDatatype>
<ownDataTypeParameters>,,</ownDataTypeParameters>
<autoIncrementCycle>false</autoIncrementCycle>
<associations>
<colAssociation fkAssociation="69EA661E-8001-AC3C-8CF3-9B6D0190591F" referredColumn="C3214A02-E40C-6023-122F-63BEBED307DC"/>
</associations>
</Column>
</columns>
<indexes itemClass="oracle.dbtools.crest.model.design.relational.Index">
<ind_PK_UK id="C41B0AB7-4BA7-7683-F49A-548234188CB8" name="Pregunta_PK">
<sourceDDLFile>a (2).sql</sourceDDLFile>
<createdBy>sergi</createdBy>
<createdTime>2024-11-15 22:22:37 UTC</createdTime>
<ownerDesignName>asd</ownerDesignName>
<importedID>13F3EC1D-8037-C389-4E79-2BBA80156A2B</importedID>
<pk>true</pk>
<indexState>Primary Constraint</indexState>
<isSurrogateKey>false</isSurrogateKey>
<indexColumnUsage>
<colUsage columnID="44A45CC4-A0DF-05AD-632D-3D8636668140"/>
</indexColumnUsage>
</ind_PK_UK>
<ind_PK_UK id="32511E2C-D23A-23AD-C6A5-7821D96D4E52" name="Pregunta_Encuesta_FK">
<createdBy>sergi</createdBy>
<createdTime>2024-11-15 22:22:37 UTC</createdTime>
<ownerDesignName>asd</ownerDesignName>
<indexState>Foreign Key</indexState>
<isSurrogateKey>false</isSurrogateKey>
<indexColumnUsage>
<colUsage columnID="5EBF98EB-4449-6CF9-D1D0-42FF52711D63"/>
</indexColumnUsage>
</ind_PK_UK>
</indexes>
</Table>