<?xml version = '1.0' encoding = 'UTF-8'?>
<Table class="oracle.dbtools.crest.model.design.relational.Table" directorySegmentName="seg_0" id="4A457A70-BF4A-A666-383F-1E87B47DA0D2" name="CursoCapacitacion">
<sourceDDLFile>a (2).sql</sourceDDLFile>
<createdBy>sergi</createdBy>
<createdTime>2024-11-15 22:22:37 UTC</createdTime>
<ownerDesignName>asd</ownerDesignName>
<importedID>BCD4E2D8-5DDE-CA8F-5F81-1DFA6EF706EB</importedID>
<allowColumnReorder>false</allowColumnReorder>
<existDependencyGenerateInDDl>true</existDependencyGenerateInDDl>
<parsed>true</parsed>
<columns itemClass="oracle.dbtools.crest.model.design.relational.Column">
<Column name="id_curso" id="527BA829-4ADF-04CA-6474-D7A891AADE08">
<sourceDDLFile>a (2).sql</sourceDDLFile>
<createdBy>sergi</createdBy>
<createdTime>2024-11-15 22:22:37 UTC</createdTime>
<ownerDesignName>asd</ownerDesignName>
<importedID>82FAC169-6A3F-7175-8D82-8C9E9C55CC75</importedID>
<useDomainConstraints>false</useDomainConstraints>
<use>1</use>
<logicalDatatype>LOGDT011</logicalDatatype>
<ownDataTypeParameters>,,</ownDataTypeParameters>
<autoIncrementCycle>false</autoIncrementCycle>
</Column>
<Column name="nombre_curso" id="8847AC22-5F08-E7F9-5D23-F4C59270CE9F">
<sourceDDLFile>a (2).sql</sourceDDLFile>
<createdBy>sergi</createdBy>
<createdTime>2024-11-15 22:22:37 UTC</createdTime>
<ownerDesignName>asd</ownerDesignName>
<importedID>8DD199C4-E4D5-8ECB-57FA-EDE930D485B7</importedID>
<use>0</use>
<logicalDatatype>LOGDT024</logicalDatatype>
<domain>B8319EFB-B205-5E1B-28BC-436C25A277F1</domain>
<ownDataTypeParameters>,,</ownDataTypeParameters>
<autoIncrementCycle>false</autoIncrementCycle>
</Column>
<Column name="descripcion_curso" id="C0FA8FB6-8794-DF68-452B-53177709B67E">
<sourceDDLFile>a (2).sql</sourceDDLFile>
<createdBy>sergi</createdBy>
<createdTime>2024-11-15 22:22:37 UTC</createdTime>
<ownerDesignName>asd</ownerDesignName>
<importedID>D3E97399-AAC4-C92C-349B-727F1E7BE92A</importedID>
<use>0</use>
<ownDataTypeParameters>,,</ownDataTypeParameters>
<autoIncrementCycle>false</autoIncrementCycle>
</Column>
<Column name="fecha_creacion" id="23CEF564-C94A-7CAB-1221-103CE4DAEA57">
<sourceDDLFile>a (2).sql</sourceDDLFile>
<createdBy>sergi</createdBy>
<createdTime>2024-11-15 22:22:37 UTC</createdTime>
<ownerDesignName>asd</ownerDesignName>
<importedID>0EFF52A1-8693-FA5A-FD6D-98167D4B35D4</importedID>
<use>0</use>
<logicalDatatype>LOGDT015</logicalDatatype>
<domain>6D2E53AF-5804-23E4-1305-B77EA0EE7865</domain>
<ownDataTypeParameters>,,</ownDataTypeParameters>
<autoIncrementCycle>false</autoIncrementCycle>
</Column>
<Column name="fecha_limite" id="8F395BD6-9D53-B7E3-BA66-9CAAA3971525">
<sourceDDLFile>a (2).sql</sourceDDLFile>
<createdBy>sergi</createdBy>
<createdTime>2024-11-15 22:22:37 UTC</createdTime>
<ownerDesignName>asd</ownerDesignName>
<importedID>62F418EC-7516-0105-0EE8-927DEEC3AC25</importedID>
<nullsAllowed>true</nullsAllowed>
<use>0</use>
<logicalDatatype>LOGDT015</logicalDatatype>
<domain>6D2E53AF-5804-23E4-1305-B77EA0EE7865</domain>
<ownDataTypeParameters>,,</ownDataTypeParameters>
<autoIncrementCycle>false</autoIncrementCycle>
</Column>
<Column name="estado_curso" id="7AF1A702-403F-1E95-DD74-A5B600B59ADA">
<sourceDDLFile>a (2).sql</sourceDDLFile>
<createdBy>sergi</createdBy>
<createdTime>2024-11-15 22:22:37 UTC</createdTime>
<ownerDesignName>asd</ownerDesignName>
<importedID>A2E59252-D575-C9C0-2B9B-95CE5D7B1BFD</importedID>
<use>0</use>
<ownDataTypeParameters>,,</ownDataTypeParameters>
<autoIncrementCycle>false</autoIncrementCycle>
</Column>
</columns>
<indexes itemClass="oracle.dbtools.crest.model.design.relational.Index">
<ind_PK_UK id="EAE23E61-EB01-13FB-47BF-EC216B3C0DFA" name="CursoCapacitacion_PK">
<sourceDDLFile>a (2).sql</sourceDDLFile>
<createdBy>sergi</createdBy>
<createdTime>2024-11-15 22:22:37 UTC</createdTime>
<ownerDesignName>asd</ownerDesignName>
<importedID>8BF9BD26-5C8F-B2CF-20FA-849DD5D68A69</importedID>
<pk>true</pk>
<indexState>Primary Constraint</indexState>
<isSurrogateKey>false</isSurrogateKey>
<indexColumnUsage>
<colUsage columnID="527BA829-4ADF-04CA-6474-D7A891AADE08"/>
</indexColumnUsage>
</ind_PK_UK>
</indexes>
</Table>