<?xml version = '1.0' encoding = 'UTF-8'?>
<Table class="oracle.dbtools.crest.model.design.relational.Table" directorySegmentName="seg_0" id="8E819C37-E11A-487F-32DC-644459231246" name="CursoAsignado">
<sourceDDLFile>a (2).sql</sourceDDLFile>
<createdBy>sergi</createdBy>
<createdTime>2024-11-15 22:22:37 UTC</createdTime>
<ownerDesignName>asd</ownerDesignName>
<importedID>1D538218-F203-FC44-DF42-61E8EB8BF4C3</importedID>
<allowColumnReorder>false</allowColumnReorder>
<existDependencyGenerateInDDl>true</existDependencyGenerateInDDl>
<parsed>true</parsed>
<columns itemClass="oracle.dbtools.crest.model.design.relational.Column">
<Column name="fecha_asignacion" id="58227551-573F-E6ED-67C8-4224A2651F20">
<sourceDDLFile>a (2).sql</sourceDDLFile>
<createdBy>sergi</createdBy>
<createdTime>2024-11-15 22:22:37 UTC</createdTime>
<ownerDesignName>asd</ownerDesignName>
<importedID>10C402A7-CB7A-2B7B-6979-0EE9C514853A</importedID>
<use>0</use>
<logicalDatatype>LOGDT015</logicalDatatype>
<domain>6D2E53AF-5804-23E4-1305-B77EA0EE7865</domain>
<ownDataTypeParameters>,,</ownDataTypeParameters>
<autoIncrementCycle>false</autoIncrementCycle>
</Column>
<Column name="fecha_acceso" id="FA9AF329-C0C7-ACD2-2A1E-45A8AB082BEB">
<sourceDDLFile>a (2).sql</sourceDDLFile>
<createdBy>sergi</createdBy>
<createdTime>2024-11-15 22:22:37 UTC</createdTime>
<ownerDesignName>asd</ownerDesignName>
<importedID>B82F779E-26CE-C22B-1764-ED4376964C60</importedID>
<use>0</use>
<logicalDatatype>LOGDT015</logicalDatatype>
<domain>6D2E53AF-5804-23E4-1305-B77EA0EE7865</domain>
<ownDataTypeParameters>,,</ownDataTypeParameters>
<autoIncrementCycle>false</autoIncrementCycle>
</Column>
<Column name="CursoCapacitacion_id_curso" id="CACE344C-F956-9100-E276-5A31349D0F84">
<sourceDDLFile>a (2).sql</sourceDDLFile>
<createdBy>sergi</createdBy>
<createdTime>2024-11-15 22:22:37 UTC</createdTime>
<ownerDesignName>asd</ownerDesignName>
<importedID>F9159700-E59C-835C-873D-4DB67535CF19</importedID>
<useDomainConstraints>false</useDomainConstraints>
<use>1</use>
<logicalDatatype>LOGDT011</logicalDatatype>
<ownDataTypeParameters>,,</ownDataTypeParameters>
<autoIncrementCycle>false</autoIncrementCycle>
<associations>
<colAssociation fkAssociation="A13F315E-7E2D-CC2C-BFCD-03DD4F1FB02F" referredColumn="527BA829-4ADF-04CA-6474-D7A891AADE08"/>
</associations>
</Column>
<Column name="Usuario_rut" id="BE620F71-5F72-5082-6375-93D0CCF41719">
<sourceDDLFile>a (2).sql</sourceDDLFile>
<createdBy>sergi</createdBy>
<createdTime>2024-11-15 22:22:37 UTC</createdTime>
<ownerDesignName>asd</ownerDesignName>
<importedID>138AECDB-E1B7-5228-6850-6ED15968EBA3</importedID>
<use>0</use>
<logicalDatatype>LOGDT024</logicalDatatype>
<domain>AC38D426-1D0B-429C-CFEB-506DA1FC6A89</domain>
<ownDataTypeParameters>,,</ownDataTypeParameters>
<autoIncrementCycle>false</autoIncrementCycle>
<associations>
<colAssociation fkAssociation="B7E7F07F-9AAB-84E1-8E17-596DED764511" referredColumn="87D37107-24E0-8BF8-84C1-0FFD535CCE91"/>
</associations>
</Column>
</columns>
<indexes itemClass="oracle.dbtools.crest.model.design.relational.Index">
<ind_PK_UK id="EA98521E-5630-E0F6-067D-3CF9BB615B0B" name="CursoAsignado_PK">
<sourceDDLFile>a (2).sql</sourceDDLFile>
<createdBy>sergi</createdBy>
<createdTime>2024-11-15 22:22:37 UTC</createdTime>
<ownerDesignName>asd</ownerDesignName>
<importedID>73518185-F7B7-2723-E068-EB23F17190E2</importedID>
<pk>true</pk>
<indexState>Primary Constraint</indexState>
<isSurrogateKey>false</isSurrogateKey>
<indexColumnUsage>
<colUsage columnID="CACE344C-F956-9100-E276-5A31349D0F84"/>
<colUsage columnID="BE620F71-5F72-5082-6375-93D0CCF41719"/>
</indexColumnUsage>
</ind_PK_UK>
<ind_PK_UK id="273D58FF-AF97-201B-D67F-5ABFE05447B8" name="CursoAsignado_CursoCapacitacion_FK">
<createdBy>sergi</createdBy>
<createdTime>2024-11-15 22:22:37 UTC</createdTime>
<ownerDesignName>asd</ownerDesignName>
<indexState>Foreign Key</indexState>
<isSurrogateKey>false</isSurrogateKey>
<indexColumnUsage>
<colUsage columnID="CACE344C-F956-9100-E276-5A31349D0F84"/>
</indexColumnUsage>
</ind_PK_UK>
<ind_PK_UK id="ED3D8F0D-807E-0AAF-C6C0-7DED317DBC89" name="CursoAsignado_Usuario_FK">
<createdBy>sergi</createdBy>
<createdTime>2024-11-15 22:22:37 UTC</createdTime>
<ownerDesignName>asd</ownerDesignName>
<indexState>Foreign Key</indexState>
<isSurrogateKey>false</isSurrogateKey>
<indexColumnUsage>
<colUsage columnID="BE620F71-5F72-5082-6375-93D0CCF41719"/>
</indexColumnUsage>
</ind_PK_UK>
</indexes>
</Table>