<?xml version = '1.0' encoding = 'UTF-8'?>
<Table class="oracle.dbtools.crest.model.design.relational.Table" directorySegmentName="seg_0" id="AE38A7D2-A521-5896-27F5-3A314C2BA24C" name="Modulo">
<sourceDDLFile>a (2).sql</sourceDDLFile>
<createdBy>sergi</createdBy>
<createdTime>2024-11-15 22:22:37 UTC</createdTime>
<ownerDesignName>asd</ownerDesignName>
<importedID>15DE7B8A-8D6E-916D-575B-DA52A3747C23</importedID>
<allowColumnReorder>false</allowColumnReorder>
<existDependencyGenerateInDDl>true</existDependencyGenerateInDDl>
<parsed>true</parsed>
<columns itemClass="oracle.dbtools.crest.model.design.relational.Column">
<Column name="id_modulo" id="F84D4B7B-08FF-C356-9559-5893016375B6">
<sourceDDLFile>a (2).sql</sourceDDLFile>
<createdBy>sergi</createdBy>
<createdTime>2024-11-15 22:22:37 UTC</createdTime>
<ownerDesignName>asd</ownerDesignName>
<importedID>DB46CE69-9B5F-C94F-B570-D578F35347DB</importedID>
<useDomainConstraints>false</useDomainConstraints>
<use>1</use>
<logicalDatatype>LOGDT011</logicalDatatype>
<ownDataTypeParameters>,,</ownDataTypeParameters>
<autoIncrementCycle>false</autoIncrementCycle>
</Column>
<Column name="nombre_modulo" id="06B7769B-A27E-B364-A648-7DE3B7F64CC1">
<sourceDDLFile>a (2).sql</sourceDDLFile>
<createdBy>sergi</createdBy>
<createdTime>2024-11-15 22:22:37 UTC</createdTime>
<ownerDesignName>asd</ownerDesignName>
<importedID>BE443967-A0ED-5642-02F3-7425F4DF296C</importedID>
<use>0</use>
<logicalDatatype>LOGDT024</logicalDatatype>
<domain>B8319EFB-B205-5E1B-28BC-436C25A277F1</domain>
<ownDataTypeParameters>,,</ownDataTypeParameters>
<autoIncrementCycle>false</autoIncrementCycle>
</Column>
<Column name="descripcion_modulo" id="59ED0B44-DD73-60EA-1A2F-6677961D0C2F">
<sourceDDLFile>a (2).sql</sourceDDLFile>
<createdBy>sergi</createdBy>
<createdTime>2024-11-15 22:22:37 UTC</createdTime>
<ownerDesignName>asd</ownerDesignName>
<importedID>D98DEFCC-B0CC-5DF9-45B5-52CE8223F5AC</importedID>
<use>0</use>
<ownDataTypeParameters>,,</ownDataTypeParameters>
<autoIncrementCycle>false</autoIncrementCycle>
</Column>
<Column name="CursoCapacitacion_id_curso" id="9ADE0BE7-C262-3938-3ACE-D215D7C17B8E">
<sourceDDLFile>a (2).sql</sourceDDLFile>
<createdBy>sergi</createdBy>
<createdTime>2024-11-15 22:22:37 UTC</createdTime>
<ownerDesignName>asd</ownerDesignName>
<importedID>1717351C-B90E-6B8F-6BA2-56A44189B11D</importedID>
<useDomainConstraints>false</useDomainConstraints>
<use>1</use>
<logicalDatatype>LOGDT011</logicalDatatype>
<ownDataTypeParameters>,,</ownDataTypeParameters>
<autoIncrementCycle>false</autoIncrementCycle>
<associations>
<colAssociation fkAssociation="E549675B-4724-7857-233B-05EEBF68E055" referredColumn="527BA829-4ADF-04CA-6474-D7A891AADE08"/>
</associations>
</Column>
</columns>
<indexes itemClass="oracle.dbtools.crest.model.design.relational.Index">
<ind_PK_UK id="936075C3-E9E7-931D-8F9B-B5A63CC98DF1" name="Modulo_PK">
<sourceDDLFile>a (2).sql</sourceDDLFile>
<createdBy>sergi</createdBy>
<createdTime>2024-11-15 22:22:37 UTC</createdTime>
<ownerDesignName>asd</ownerDesignName>
<importedID>FA14B2A1-2109-33C5-7FE4-8423143E7C02</importedID>
<pk>true</pk>
<indexState>Primary Constraint</indexState>
<isSurrogateKey>false</isSurrogateKey>
<indexColumnUsage>
<colUsage columnID="F84D4B7B-08FF-C356-9559-5893016375B6"/>
</indexColumnUsage>
</ind_PK_UK>
<ind_PK_UK id="AE0FE5DF-B32B-C96E-5C30-3EC09C02797E" name="Modulo_CursoCapacitacion_FK">
<createdBy>sergi</createdBy>
<createdTime>2024-11-15 22:22:37 UTC</createdTime>
<ownerDesignName>asd</ownerDesignName>
<indexState>Foreign Key</indexState>
<isSurrogateKey>false</isSurrogateKey>
<indexColumnUsage>
<colUsage columnID="9ADE0BE7-C262-3938-3ACE-D215D7C17B8E"/>
</indexColumnUsage>
</ind_PK_UK>
</indexes>
</Table>