<?xml version = '1.0' encoding = 'UTF-8'?>
<Table class="oracle.dbtools.crest.model.design.relational.Table" directorySegmentName="seg_0" id="BEB9CB3C-6770-9012-E1ED-1B23D6903B09" name="Cumplimiento_leccion">
<sourceDDLFile>a (2).sql</sourceDDLFile>
<createdBy>sergi</createdBy>
<createdTime>2024-11-15 22:22:37 UTC</createdTime>
<ownerDesignName>asd</ownerDesignName>
<importedID>8A740BAD-B572-B8F1-9A6C-D9498430540A</importedID>
<allowColumnReorder>false</allowColumnReorder>
<existDependencyGenerateInDDl>true</existDependencyGenerateInDDl>
<parsed>true</parsed>
<columns itemClass="oracle.dbtools.crest.model.design.relational.Column">
<Column name="Usuario_rut" id="25F5E579-8433-9670-A7C3-BC5DF2F7D868">
<sourceDDLFile>a (2).sql</sourceDDLFile>
<createdBy>sergi</createdBy>
<createdTime>2024-11-15 22:22:37 UTC</createdTime>
<ownerDesignName>asd</ownerDesignName>
<importedID>87E1B34D-EB4C-4426-4998-83EFDF649DA8</importedID>
<use>0</use>
<logicalDatatype>LOGDT024</logicalDatatype>
<domain>AC38D426-1D0B-429C-CFEB-506DA1FC6A89</domain>
<ownDataTypeParameters>,,</ownDataTypeParameters>
<autoIncrementCycle>false</autoIncrementCycle>
<associations>
<colAssociation fkAssociation="529191FB-AE7C-626D-E2FE-0682EF1B4E80" referredColumn="87D37107-24E0-8BF8-84C1-0FFD535CCE91"/>
</associations>
</Column>
<Column name="LeccionCurso_id_leccion" id="7458F906-E29C-53CC-3B7D-9F121E92C497">
<sourceDDLFile>a (2).sql</sourceDDLFile>
<createdBy>sergi</createdBy>
<createdTime>2024-11-15 22:22:37 UTC</createdTime>
<ownerDesignName>asd</ownerDesignName>
<importedID>B57441D6-2E5E-1BE9-3C15-DCF31FD37BC7</importedID>
<useDomainConstraints>false</useDomainConstraints>
<use>1</use>
<logicalDatatype>LOGDT011</logicalDatatype>
<ownDataTypeParameters>,,</ownDataTypeParameters>
<autoIncrementCycle>false</autoIncrementCycle>
<associations>
<colAssociation fkAssociation="85129F0E-5476-3A6F-2616-5105F0D0E51C" referredColumn="94CB1016-BF10-72EB-CC0E-67419D0121E0"/>
</associations>
</Column>
<Column name="fecha_modificacion_estado" id="E56E84BF-94F7-06ED-DC59-721611361211">
<sourceDDLFile>a (2).sql</sourceDDLFile>
<createdBy>sergi</createdBy>
<createdTime>2024-11-15 22:22:37 UTC</createdTime>
<ownerDesignName>asd</ownerDesignName>
<importedID>1B811A8B-4E0D-5517-8BCD-C9A4760C693E</importedID>
<nullsAllowed>true</nullsAllowed>
<use>0</use>
<logicalDatatype>LOGDT015</logicalDatatype>
<domain>6D2E53AF-5804-23E4-1305-B77EA0EE7865</domain>
<ownDataTypeParameters>,,</ownDataTypeParameters>
<autoIncrementCycle>false</autoIncrementCycle>
</Column>
<Column name="estado" id="94BC50BE-DB28-5F11-45CC-22D42EA36FF9">
<sourceDDLFile>a (2).sql</sourceDDLFile>
<createdBy>sergi</createdBy>
<createdTime>2024-11-15 22:22:37 UTC</createdTime>
<ownerDesignName>asd</ownerDesignName>
<importedID>B1C60FEA-5AA1-46D4-FCDC-82E4F16B2934</importedID>
<useDomainConstraints>false</useDomainConstraints>
<use>1</use>
<logicalDatatype>LOGDT006</logicalDatatype>
<ownDataTypeParameters>,,</ownDataTypeParameters>
<autoIncrementCycle>false</autoIncrementCycle>
</Column>
</columns>
<indexes itemClass="oracle.dbtools.crest.model.design.relational.Index">
<ind_PK_UK id="F632FE67-68AC-ACBF-560C-0B5E41C0D4A1" name="Cumplimiento_leccion_PK">
<sourceDDLFile>a (2).sql</sourceDDLFile>
<createdBy>sergi</createdBy>
<createdTime>2024-11-15 22:22:37 UTC</createdTime>
<ownerDesignName>asd</ownerDesignName>
<importedID>CF8C5529-AFA4-A637-0992-35BDC8918B04</importedID>
<pk>true</pk>
<indexState>Primary Constraint</indexState>
<isSurrogateKey>false</isSurrogateKey>
<indexColumnUsage>
<colUsage columnID="25F5E579-8433-9670-A7C3-BC5DF2F7D868"/>
<colUsage columnID="7458F906-E29C-53CC-3B7D-9F121E92C497"/>
</indexColumnUsage>
</ind_PK_UK>
<ind_PK_UK id="EF4D7928-F529-9AE9-284C-30A78F4D117A" name="Cumplimiento_leccion_LeccionCurso_FK">
<createdBy>sergi</createdBy>
<createdTime>2024-11-15 22:22:37 UTC</createdTime>
<ownerDesignName>asd</ownerDesignName>
<indexState>Foreign Key</indexState>
<isSurrogateKey>false</isSurrogateKey>
<indexColumnUsage>
<colUsage columnID="7458F906-E29C-53CC-3B7D-9F121E92C497"/>
</indexColumnUsage>
</ind_PK_UK>
<ind_PK_UK id="26752CEA-8A94-983E-2202-74F3181DBB66" name="Cumplimiento_leccion_Usuario_FK">
<createdBy>sergi</createdBy>
<createdTime>2024-11-15 22:22:37 UTC</createdTime>
<ownerDesignName>asd</ownerDesignName>
<indexState>Foreign Key</indexState>
<isSurrogateKey>false</isSurrogateKey>
<indexColumnUsage>
<colUsage columnID="25F5E579-8433-9670-A7C3-BC5DF2F7D868"/>
</indexColumnUsage>
</ind_PK_UK>
</indexes>
</Table>