<?xml version = '1.0' encoding = 'UTF-8'?>
<Diagram class="oracle.dbtools.crest.swingui.logical.DPVLogical" name="Logical" id="3E4C0B05-2317-D1C5-8B11-D693ECFE22A3">
<createdBy>sergi</createdBy>
<modifiedBy>sergi</modifiedBy>
<createdTime>2024-09-17 03:02:40 UTC</createdTime>
<autoRoute>false</autoRoute>
<boxInbox>true</boxInbox>
<showLegend>false</showLegend>
<showLabels>false</showLabels>
<showRelAttributes>false</showRelAttributes>
<gridEnabled>false</gridEnabled>
<showGrid>false</showGrid>
<diagramColor>-1</diagramColor>
<display>false</display>
<notation>1</notation>
<objectViews>
<OView class="oracle.dbtools.crest.swingui.logical.TVEntity" oid="04429AB9-1E31-753A-E31D-474A6E411E7D" otype="Entity" vid="7E09CEEB-F62F-87B2-AA53-676D03028CB9">
<hideElementsInCurrentOnly>false</hideElementsInCurrentOnly>
<bounds x="69" y="542" width="141" height="64"/>
</OView>
<OView class="oracle.dbtools.crest.swingui.logical.TVEntity" oid="04F7E768-7669-3EDB-A9F6-45D408710573" otype="Entity" vid="B7444CDC-081F-F670-3C1E-07FF09964BB2">
<hideElementsInCurrentOnly>false</hideElementsInCurrentOnly>
<bounds x="615" y="545" width="129" height="70"/>
</OView>
<OView class="oracle.dbtools.crest.swingui.logical.TVEntity" oid="09A696F5-CE1A-788D-306E-ACDF9269D5D2" otype="Entity" vid="B11E2DE2-616E-2A1B-57FF-0905CCFDA394">
<hideElementsInCurrentOnly>false</hideElementsInCurrentOnly>
<bounds x="418" y="164" width="151" height="89"/>
</OView>
<OView class="oracle.dbtools.crest.swingui.logical.TVEntity" oid="15955DD6-1A1F-E78C-004E-02430F5BBFA0" otype="Entity" vid="6D01495A-AFEC-757B-B1D7-3EE3D27A9EBA">
<hideElementsInCurrentOnly>false</hideElementsInCurrentOnly>
<bounds x="419" y="537" width="141" height="81"/>
</OView>
<OView class="oracle.dbtools.crest.swingui.logical.TVEntity" oid="3348F9CD-F823-5CDE-5EE1-11F23B22DB33" otype="Entity" vid="1B32D457-B849-1725-99D8-882719187F56">
<hideElementsInCurrentOnly>false</hideElementsInCurrentOnly>
<bounds x="240" y="535" width="130" height="82"/>
</OView>
<OView class="oracle.dbtools.crest.swingui.logical.TVEntity" oid="3E641FBC-CBF9-53D5-39D6-C4B75416E6CC" otype="Entity" vid="F931843F-695B-BEA0-0452-16B59489ADA6">
<hideElementsInCurrentOnly>false</hideElementsInCurrentOnly>
<bounds x="392" y="347" width="172" height="114"/>
</OView>
<OView class="oracle.dbtools.crest.swingui.logical.TVEntity" oid="54506F0C-B569-DFD9-68F3-288871E1B563" otype="Entity" vid="88FBA9EE-CA0E-0F34-04FC-8C618713B6C1">
<hideElementsInCurrentOnly>false</hideElementsInCurrentOnly>
<bounds x="661" y="159" width="143" height="84"/>
</OView>
<OView class="oracle.dbtools.crest.swingui.logical.TVEntity" oid="71722136-1916-73EC-213F-6EDC50CDC9E0" otype="Entity" vid="E396FBD7-9544-E0A3-B7DA-DB753EC0747A">
<hideElementsInCurrentOnly>false</hideElementsInCurrentOnly>
<bounds x="71" y="397" width="140" height="99"/>
</OView>
<OView class="oracle.dbtools.crest.swingui.logical.TVEntity" oid="814558BB-7775-DCD7-094B-A42A8E0C3FD9" otype="Entity" vid="02BCE924-33B1-AA4C-F933-89AF60E83C04">
<hideElementsInCurrentOnly>false</hideElementsInCurrentOnly>
<bounds x="839" y="533" width="149" height="85"/>
</OView>
<OView class="oracle.dbtools.crest.swingui.logical.TVEntity" oid="9BAE1763-F5AA-94B1-A120-B392C20F60DF" otype="Entity" vid="D0B3AA51-8242-CC2A-7330-6F09AAC3A3C1">
<hideElementsInCurrentOnly>false</hideElementsInCurrentOnly>
<bounds x="882" y="339" width="134" height="95"/>
</OView>
<OView class="oracle.dbtools.crest.swingui.logical.TVEntity" oid="B61CFA77-439B-1BEE-7E9E-D296396B3B6D" otype="Entity" vid="19105712-3C4E-02C9-0A55-5615ADA94AA2">
<hideElementsInCurrentOnly>false</hideElementsInCurrentOnly>
<bounds x="209" y="156" width="150" height="88"/>
</OView>
<OView class="oracle.dbtools.crest.swingui.logical.TVEntity" oid="C59E5085-090A-19B0-A847-C5DEEED6A0A3" otype="Entity" vid="8659C3A7-D642-5196-8B9C-8C13922D6510">
<hideElementsInCurrentOnly>false</hideElementsInCurrentOnly>
<bounds x="147" y="297" width="151" height="75"/>
</OView>
<OView class="oracle.dbtools.crest.swingui.logical.TVEntity" oid="CC129974-9D3E-73DA-72FE-B78422A8BCFD" otype="Entity" vid="058EB147-56EA-CCE6-8C5D-89FDE6B0AC7E">
<hideElementsInCurrentOnly>false</hideElementsInCurrentOnly>
<bounds x="654" y="349" width="142" height="97"/>
</OView>
<OView class="oracle.dbtools.crest.swingui.logical.TVEntity" oid="F3DE595A-53A1-D176-A137-5FDCF79DAA5F" otype="Entity" vid="DF1E8070-A785-7349-47B2-D17EB245E7AB">
<hideElementsInCurrentOnly>false</hideElementsInCurrentOnly>
<bounds x="24" y="159" width="144" height="89"/>
</OView>
</objectViews>
<connectors>
<Connector class="oracle.dbtools.crest.swingui.logical.TVRelation" oid="15738C31-1DDE-7EFF-A79A-2B60B7F7060D" otype="Relation" vid_source="7E09CEEB-F62F-87B2-AA53-676D03028CB9" vid_target="E396FBD7-9544-E0A3-B7DA-DB753EC0747A">
<hideElementsInCurrentOnly>false</hideElementsInCurrentOnly>
<backgroundColor>-16777216</backgroundColor>
<lineWidth>1</lineWidth>
<points>
<point x="140" y="542"/>
<point x="140" y="496"/>
</points>
</Connector>
<Connector class="oracle.dbtools.crest.swingui.logical.TVRelation" oid="1E089442-5321-7D76-35E8-13E247C996E6" otype="Relation" vid_source="B7444CDC-081F-F670-3C1E-07FF09964BB2" vid_target="02BCE924-33B1-AA4C-F933-89AF60E83C04">
<hideElementsInCurrentOnly>false</hideElementsInCurrentOnly>
<backgroundColor>-16777216</backgroundColor>
<lineWidth>1</lineWidth>
<points>
<point x="744" y="580"/>
<point x="839" y="580"/>
</points>
</Connector>
<Connector class="oracle.dbtools.crest.swingui.logical.TVRelation" oid="27DD1D74-C129-CBA4-19EB-16F8BBE5ECEF" otype="Relation" vid_source="D0B3AA51-8242-CC2A-7330-6F09AAC3A3C1" vid_target="058EB147-56EA-CCE6-8C5D-89FDE6B0AC7E">
<hideElementsInCurrentOnly>false</hideElementsInCurrentOnly>
<backgroundColor>-16777216</backgroundColor>
<lineWidth>1</lineWidth>
<points>
<point x="882" y="391"/>
<point x="796" y="391"/>
</points>
</Connector>
<Connector class="oracle.dbtools.crest.swingui.logical.TVRelation" oid="2DF2C57B-F258-A080-71E6-E8524310774C" otype="Relation" vid_source="DF1E8070-A785-7349-47B2-D17EB245E7AB" vid_target="19105712-3C4E-02C9-0A55-5615ADA94AA2">
<hideElementsInCurrentOnly>false</hideElementsInCurrentOnly>
<backgroundColor>-16777216</backgroundColor>
<lineWidth>1</lineWidth>
<points>
<point x="168" y="201"/>
<point x="209" y="201"/>
</points>
</Connector>
<Connector class="oracle.dbtools.crest.swingui.logical.TVRelation" oid="4D38A9CD-4117-717D-FCD9-29E9733435CA" otype="Relation" vid_source="F931843F-695B-BEA0-0452-16B59489ADA6" vid_target="8659C3A7-D642-5196-8B9C-8C13922D6510">
<hideElementsInCurrentOnly>false</hideElementsInCurrentOnly>
<backgroundColor>-16777216</backgroundColor>
<lineWidth>1</lineWidth>
<points>
<point x="392" y="359"/>
<point x="298" y="359"/>
</points>
</Connector>
<Connector class="oracle.dbtools.crest.swingui.logical.TVRelation" oid="6C3D7CBB-7F19-57F9-4117-3593FFE13685" otype="Relation" vid_source="F931843F-695B-BEA0-0452-16B59489ADA6" vid_target="058EB147-56EA-CCE6-8C5D-89FDE6B0AC7E">
<hideElementsInCurrentOnly>false</hideElementsInCurrentOnly>
<backgroundColor>-16777216</backgroundColor>
<lineWidth>1</lineWidth>
<points>
<point x="564" y="397"/>
<point x="654" y="397"/>
</points>
</Connector>
<Connector class="oracle.dbtools.crest.swingui.logical.TVRelation" oid="6F8F10EF-AED2-3762-A730-97AFBE63C7D1" otype="Relation" vid_source="E396FBD7-9544-E0A3-B7DA-DB753EC0747A" vid_target="F931843F-695B-BEA0-0452-16B59489ADA6">
<hideElementsInCurrentOnly>false</hideElementsInCurrentOnly>
<backgroundColor>-16777216</backgroundColor>
<lineWidth>1</lineWidth>
<points>
<point x="211" y="429"/>
<point x="392" y="429"/>
</points>
</Connector>
<Connector class="oracle.dbtools.crest.swingui.logical.TVRelation" oid="77D71903-1B51-264B-1E3C-0EDA7A17EE68" otype="Relation" vid_source="B11E2DE2-616E-2A1B-57FF-0905CCFDA394" vid_target="88FBA9EE-CA0E-0F34-04FC-8C618713B6C1">
<hideElementsInCurrentOnly>false</hideElementsInCurrentOnly>
<backgroundColor>-16777216</backgroundColor>
<lineWidth>1</lineWidth>
<points>
<point x="569" y="203"/>
<point x="661" y="203"/>
</points>
</Connector>
<Connector class="oracle.dbtools.crest.swingui.logical.TVRelation" oid="88DB1C94-2DED-D637-ABC0-6C20CB8FD2A5" otype="Relation" vid_source="02BCE924-33B1-AA4C-F933-89AF60E83C04" vid_target="D0B3AA51-8242-CC2A-7330-6F09AAC3A3C1">
<hideElementsInCurrentOnly>false</hideElementsInCurrentOnly>
<backgroundColor>-16777216</backgroundColor>
<lineWidth>1</lineWidth>
<points>
<point x="935" y="533"/>
<point x="935" y="434"/>
</points>
</Connector>
<Connector class="oracle.dbtools.crest.swingui.logical.TVRelation" oid="9E5527B2-0F1B-A796-5860-440E4AF53336" otype="Relation" vid_source="DF1E8070-A785-7349-47B2-D17EB245E7AB" vid_target="8659C3A7-D642-5196-8B9C-8C13922D6510">
<hideElementsInCurrentOnly>false</hideElementsInCurrentOnly>
<backgroundColor>-16777216</backgroundColor>
<lineWidth>1</lineWidth>
<points>
<point x="157" y="248"/>
<point x="157" y="297"/>
</points>
</Connector>
<Connector class="oracle.dbtools.crest.swingui.logical.TVRelation" oid="BA9AC9B1-2F38-7C6A-0245-A0CD7B661495" otype="Relation" vid_source="B7444CDC-081F-F670-3C1E-07FF09964BB2" vid_target="6D01495A-AFEC-757B-B1D7-3EE3D27A9EBA">
<hideElementsInCurrentOnly>false</hideElementsInCurrentOnly>
<backgroundColor>-16777216</backgroundColor>
<lineWidth>1</lineWidth>
<points>
<point x="615" y="580"/>
<point x="560" y="580"/>
</points>
</Connector>
<Connector class="oracle.dbtools.crest.swingui.logical.TVRelation" oid="BC330079-4902-8516-E393-E3DA1D1AC34C" otype="Relation" vid_source="F931843F-695B-BEA0-0452-16B59489ADA6" vid_target="6D01495A-AFEC-757B-B1D7-3EE3D27A9EBA">
<hideElementsInCurrentOnly>false</hideElementsInCurrentOnly>
<backgroundColor>-16777216</backgroundColor>
<lineWidth>1</lineWidth>
<points>
<point x="489" y="461"/>
<point x="489" y="537"/>
</points>
</Connector>
<Connector class="oracle.dbtools.crest.swingui.logical.TVRelation" oid="CCA0DD12-AC72-70A1-7851-020D750F4162" otype="Relation" vid_source="F931843F-695B-BEA0-0452-16B59489ADA6" vid_target="B11E2DE2-616E-2A1B-57FF-0905CCFDA394">
<hideElementsInCurrentOnly>false</hideElementsInCurrentOnly>
<backgroundColor>-16777216</backgroundColor>
<lineWidth>1</lineWidth>
<points>
<point x="491" y="347"/>
<point x="491" y="253"/>
</points>
</Connector>
<Connector class="oracle.dbtools.crest.swingui.logical.TVRelation" oid="D8F410C3-923D-0666-9816-4560B3A349AF" otype="Relation" vid_source="19105712-3C4E-02C9-0A55-5615ADA94AA2" vid_target="B11E2DE2-616E-2A1B-57FF-0905CCFDA394">
<hideElementsInCurrentOnly>false</hideElementsInCurrentOnly>
<backgroundColor>-16777216</backgroundColor>
<lineWidth>1</lineWidth>
<points>
<point x="359" y="204"/>
<point x="418" y="204"/>
</points>
</Connector>
<Connector class="oracle.dbtools.crest.swingui.logical.TVRelation" oid="E4D66995-5F5B-3F87-19F2-BCCA8555854C" otype="Relation" vid_source="1B32D457-B849-1725-99D8-882719187F56" vid_target="F931843F-695B-BEA0-0452-16B59489ADA6">
<hideElementsInCurrentOnly>false</hideElementsInCurrentOnly>
<backgroundColor>-16777216</backgroundColor>
<lineWidth>1</lineWidth>
<points>
<point x="346" y="535"/>
<point x="420" y="461"/>
</points>
</Connector>
</connectors>
</Diagram>