<?xml version = '1.0' encoding = 'UTF-8'?>
<FKIndexAssociation class="oracle.dbtools.crest.model.design.relational.FKIndexAssociation" directorySegmentName="seg_0" id="0A369715-1152-73F4-6482-BAE37A61342B" containerWithKeyObject="C8EC810B-CDBC-0D2C-B677-B127C29DF86E" localFKIndex="0184179D-4766-F970-15F3-D3FA71B851E5" name="Contenido_LeccionCurso_FK">
<sourceDDLFile>a (2).sql</sourceDDLFile>
<createdBy>sergi</createdBy>
<createdTime>2024-11-15 22:22:37 UTC</createdTime>
<ownerDesignName>asd</ownerDesignName>
<importedID>884BA36C-7F4C-8B01-0FE5-0689385911F3</importedID>
<referredTableLongName>LeccionCurso</referredTableLongName>
<deleteRule>NO ACTION</deleteRule>
<referredTableID>0A1B0950-E7D0-B74F-F58C-7AB7D365ED86</referredTableID>
<keyObject>B659738E-8F9F-6558-169C-BBA71E3481EE</keyObject>
<referredKeyID>B659738E-8F9F-6558-169C-BBA71E3481EE</referredKeyID>
<mandatory>true</mandatory>
<refColNames>id_leccion</refColNames>
<transferable>true</transferable>
<rely>false</rely>
<columnDependencyConstraintGenerateInDDL>true</columnDependencyConstraintGenerateInDDL>
</FKIndexAssociation>