<?xml version = '1.0' encoding = 'UTF-8'?>
<FKIndexAssociation class="oracle.dbtools.crest.model.design.relational.FKIndexAssociation" directorySegmentName="seg_0" id="18A1A006-D720-76F0-40AA-4FFBC715DE2C" containerWithKeyObject="16797703-33F8-32E6-3650-0503EDA1B8CB" localFKIndex="7F9A8181-DF25-3FBD-47BB-1472FB441320" name="Respuesta_Usuario_FK">
<sourceDDLFile>a (2).sql</sourceDDLFile>
<createdBy>sergi</createdBy>
<createdTime>2024-11-15 22:22:37 UTC</createdTime>
<ownerDesignName>asd</ownerDesignName>
<importedID>D6A4A2B3-F3CA-08E0-12B9-260F436D130B</importedID>
<referredTableLongName>Usuario</referredTableLongName>
<deleteRule>NO ACTION</deleteRule>
<referredTableID>50392B17-87D1-6347-A366-466E91AE24A4</referredTableID>
<keyObject>92A2AC27-47AA-4E3B-8643-3AE95B107AEE</keyObject>
<referredKeyID>92A2AC27-47AA-4E3B-8643-3AE95B107AEE</referredKeyID>
<mandatory>true</mandatory>
<refColNames>rut</refColNames>
<transferable>true</transferable>
<rely>false</rely>
<columnDependencyConstraintGenerateInDDL>true</columnDependencyConstraintGenerateInDDL>
</FKIndexAssociation>