<?xml version = '1.0' encoding = 'UTF-8'?>
<FKIndexAssociation class="oracle.dbtools.crest.model.design.relational.FKIndexAssociation" directorySegmentName="seg_0" id="2479A01F-CE40-4D41-834E-96D3FDD1BEAE" containerWithKeyObject="F06F2A67-19CA-24BE-C6CA-251E14B12EEE" localFKIndex="9ACEE42A-7537-F60A-D21B-B0E475425B36" name="EncuestaAsignada_Encuesta_FK">
<sourceDDLFile>a (2).sql</sourceDDLFile>
<createdBy>sergi</createdBy>
<createdTime>2024-11-15 22:22:37 UTC</createdTime>
<ownerDesignName>asd</ownerDesignName>
<importedID>8AD12BF5-39B2-90D8-FBF1-8F1CDFCE161A</importedID>
<referredTableLongName>Encuesta</referredTableLongName>
<deleteRule>NO ACTION</deleteRule>
<referredTableID>DAEFA9C8-B189-D670-FB22-3C0928400F2D</referredTableID>
<keyObject>2ABE0C68-D261-5BE9-4FB5-1E798673F489</keyObject>
<referredKeyID>2ABE0C68-D261-5BE9-4FB5-1E798673F489</referredKeyID>
<mandatory>true</mandatory>
<refColNames>id_encuesta</refColNames>
<transferable>true</transferable>
<rely>false</rely>
<columnDependencyConstraintGenerateInDDL>true</columnDependencyConstraintGenerateInDDL>
</FKIndexAssociation>