<?xml version = '1.0' encoding = 'UTF-8'?>
<FKIndexAssociation class="oracle.dbtools.crest.model.design.relational.FKIndexAssociation" directorySegmentName="seg_0" id="529191FB-AE7C-626D-E2FE-0682EF1B4E80" containerWithKeyObject="BEB9CB3C-6770-9012-E1ED-1B23D6903B09" localFKIndex="26752CEA-8A94-983E-2202-74F3181DBB66" name="Cumplimiento_leccion_Usuario_FK">
<sourceDDLFile>a (2).sql</sourceDDLFile>
<createdBy>sergi</createdBy>
<createdTime>2024-11-15 22:22:37 UTC</createdTime>
<ownerDesignName>asd</ownerDesignName>
<importedID>214A971B-45AB-26C9-555B-806ECC9D8191</importedID>
<referredTableLongName>Usuario</referredTableLongName>
<deleteRule>NO ACTION</deleteRule>
<referredTableID>50392B17-87D1-6347-A366-466E91AE24A4</referredTableID>
<keyObject>92A2AC27-47AA-4E3B-8643-3AE95B107AEE</keyObject>
<referredKeyID>92A2AC27-47AA-4E3B-8643-3AE95B107AEE</referredKeyID>
<mandatory>true</mandatory>
<refColNames>rut</refColNames>
<transferable>true</transferable>
<rely>false</rely>
<columnDependencyConstraintGenerateInDDL>true</columnDependencyConstraintGenerateInDDL>
</FKIndexAssociation>