<?xml version = '1.0' encoding = 'UTF-8'?>
<FKIndexAssociation class="oracle.dbtools.crest.model.design.relational.FKIndexAssociation" directorySegmentName="seg_0" id="57CF5F10-0226-09A9-571E-D012A0B76A85" containerWithKeyObject="50392B17-87D1-6347-A366-466E91AE24A4" localFKIndex="27B72A5D-228F-D32B-1FB2-A6DD52B9E681" name="Usuario_Area_FK">
<sourceDDLFile>a (2).sql</sourceDDLFile>
<createdBy>sergi</createdBy>
<createdTime>2024-11-15 22:22:37 UTC</createdTime>
<ownerDesignName>asd</ownerDesignName>
<importedID>6836DB0D-025C-EA10-ECF1-EDE9FDF23FD4</importedID>
<referredTableLongName>Area</referredTableLongName>
<deleteRule>NO ACTION</deleteRule>
<referredTableID>E156A21B-3012-ECC9-BF05-D871D4123737</referredTableID>
<keyObject>A377A6BF-0F53-A45A-206E-6685A33F1E2B</keyObject>
<referredKeyID>A377A6BF-0F53-A45A-206E-6685A33F1E2B</referredKeyID>
<mandatory>false</mandatory>
<refColNames>id_area</refColNames>
<transferable>true</transferable>
<rely>false</rely>
<columnDependencyConstraintGenerateInDDL>true</columnDependencyConstraintGenerateInDDL>
</FKIndexAssociation>