<?xml version = '1.0' encoding = 'UTF-8'?>
<FKIndexAssociation class="oracle.dbtools.crest.model.design.relational.FKIndexAssociation" directorySegmentName="seg_0" id="69EA661E-8001-AC3C-8CF3-9B6D0190591F" containerWithKeyObject="34734ECA-C853-D896-7882-7CC7BDCA86AE" localFKIndex="32511E2C-D23A-23AD-C6A5-7821D96D4E52" name="Pregunta_Encuesta_FK">
<sourceDDLFile>a (2).sql</sourceDDLFile>
<createdBy>sergi</createdBy>
<createdTime>2024-11-15 22:22:37 UTC</createdTime>
<ownerDesignName>asd</ownerDesignName>
<importedID>A1CDFE13-2C94-C863-B629-B53A5ED99F01</importedID>
<referredTableLongName>Encuesta</referredTableLongName>
<deleteRule>NO ACTION</deleteRule>
<referredTableID>DAEFA9C8-B189-D670-FB22-3C0928400F2D</referredTableID>
<keyObject>2ABE0C68-D261-5BE9-4FB5-1E798673F489</keyObject>
<referredKeyID>2ABE0C68-D261-5BE9-4FB5-1E798673F489</referredKeyID>
<mandatory>true</mandatory>
<refColNames>id_encuesta</refColNames>
<transferable>true</transferable>
<rely>false</rely>
<columnDependencyConstraintGenerateInDDL>true</columnDependencyConstraintGenerateInDDL>
</FKIndexAssociation>