<?xml version = '1.0' encoding = 'UTF-8'?>
<FKIndexAssociation class="oracle.dbtools.crest.model.design.relational.FKIndexAssociation" directorySegmentName="seg_0" id="81A87218-C12B-314D-7CF2-B0CAAD27A2CB" containerWithKeyObject="50392B17-87D1-6347-A366-466E91AE24A4" localFKIndex="D811DF50-E307-1F72-46E7-E7179CF3F7B3" name="Usuario_Rol_FK">
<sourceDDLFile>a (2).sql</sourceDDLFile>
<createdBy>sergi</createdBy>
<createdTime>2024-11-15 22:22:37 UTC</createdTime>
<ownerDesignName>asd</ownerDesignName>
<importedID>E37F2709-9794-36F0-1C71-4E7A2DC57D57</importedID>
<referredTableLongName>Rol</referredTableLongName>
<deleteRule>NO ACTION</deleteRule>
<referredTableID>20137B6F-24AB-CD53-7175-214A419F73EF</referredTableID>
<keyObject>790768A3-15C5-3202-F515-6195B10682BA</keyObject>
<referredKeyID>790768A3-15C5-3202-F515-6195B10682BA</referredKeyID>
<mandatory>true</mandatory>
<refColNames>id_rol</refColNames>
<transferable>true</transferable>
<rely>false</rely>
<columnDependencyConstraintGenerateInDDL>true</columnDependencyConstraintGenerateInDDL>
</FKIndexAssociation>