<?xml version = '1.0' encoding = 'UTF-8'?>
<FKIndexAssociation class="oracle.dbtools.crest.model.design.relational.FKIndexAssociation" directorySegmentName="seg_0" id="85129F0E-5476-3A6F-2616-5105F0D0E51C" containerWithKeyObject="BEB9CB3C-6770-9012-E1ED-1B23D6903B09" localFKIndex="EF4D7928-F529-9AE9-284C-30A78F4D117A" name="Cumplimiento_leccion_LeccionCurso_FK">
<sourceDDLFile>a (2).sql</sourceDDLFile>
<createdBy>sergi</createdBy>
<createdTime>2024-11-15 22:22:37 UTC</createdTime>
<ownerDesignName>asd</ownerDesignName>
<importedID>F4EC3F24-2D22-CFB0-0BF1-1C8F00413BA3</importedID>
<referredTableLongName>LeccionCurso</referredTableLongName>
<deleteRule>NO ACTION</deleteRule>
<referredTableID>0A1B0950-E7D0-B74F-F58C-7AB7D365ED86</referredTableID>
<keyObject>B659738E-8F9F-6558-169C-BBA71E3481EE</keyObject>
<referredKeyID>B659738E-8F9F-6558-169C-BBA71E3481EE</referredKeyID>
<mandatory>true</mandatory>
<refColNames>id_leccion</refColNames>
<transferable>true</transferable>
<rely>false</rely>
<columnDependencyConstraintGenerateInDDL>true</columnDependencyConstraintGenerateInDDL>
</FKIndexAssociation>