<?xml version = '1.0' encoding = 'UTF-8'?>
<FKIndexAssociation class="oracle.dbtools.crest.model.design.relational.FKIndexAssociation" directorySegmentName="seg_0" id="A13F315E-7E2D-CC2C-BFCD-03DD4F1FB02F" containerWithKeyObject="8E819C37-E11A-487F-32DC-644459231246" localFKIndex="273D58FF-AF97-201B-D67F-5ABFE05447B8" name="CursoAsignado_CursoCapacitacion_FK">
<sourceDDLFile>a (2).sql</sourceDDLFile>
<createdBy>sergi</createdBy>
<createdTime>2024-11-15 22:22:37 UTC</createdTime>
<ownerDesignName>asd</ownerDesignName>
<importedID>34F0A4EB-34E3-716D-A8D5-EBDE0B56C2D0</importedID>
<referredTableLongName>CursoCapacitacion</referredTableLongName>
<deleteRule>NO ACTION</deleteRule>
<referredTableID>4A457A70-BF4A-A666-383F-1E87B47DA0D2</referredTableID>
<keyObject>EAE23E61-EB01-13FB-47BF-EC216B3C0DFA</keyObject>
<referredKeyID>EAE23E61-EB01-13FB-47BF-EC216B3C0DFA</referredKeyID>
<mandatory>true</mandatory>
<refColNames>id_curso</refColNames>
<transferable>true</transferable>
<rely>false</rely>
<columnDependencyConstraintGenerateInDDL>true</columnDependencyConstraintGenerateInDDL>
</FKIndexAssociation>