<?xml version = '1.0' encoding = 'UTF-8'?>
<FKIndexAssociation class="oracle.dbtools.crest.model.design.relational.FKIndexAssociation" directorySegmentName="seg_0" id="B596EFE4-EF3C-5F05-C59B-6E7BBCD94290" containerWithKeyObject="8FF09BA9-F967-72C7-32DE-BE1C9CCE200A" localFKIndex="E2150DC9-C6CA-16AE-0E93-BF8FE7E669EE" name="OpcionRespuesta_Pregunta_FK">
<sourceDDLFile>a (2).sql</sourceDDLFile>
<createdBy>sergi</createdBy>
<createdTime>2024-11-15 22:22:37 UTC</createdTime>
<ownerDesignName>asd</ownerDesignName>
<importedID>5C246431-F459-42BB-1E84-565FE110690B</importedID>
<referredTableLongName>Pregunta</referredTableLongName>
<deleteRule>NO ACTION</deleteRule>
<referredTableID>34734ECA-C853-D896-7882-7CC7BDCA86AE</referredTableID>
<keyObject>C41B0AB7-4BA7-7683-F49A-548234188CB8</keyObject>
<referredKeyID>C41B0AB7-4BA7-7683-F49A-548234188CB8</referredKeyID>
<mandatory>true</mandatory>
<refColNames>id_pregunta</refColNames>
<transferable>true</transferable>
<rely>false</rely>
<columnDependencyConstraintGenerateInDDL>true</columnDependencyConstraintGenerateInDDL>
</FKIndexAssociation>