<?xml version = '1.0' encoding = 'UTF-8'?>
<FKIndexAssociation class="oracle.dbtools.crest.model.design.relational.FKIndexAssociation" directorySegmentName="seg_0" id="B7E7F07F-9AAB-84E1-8E17-596DED764511" containerWithKeyObject="8E819C37-E11A-487F-32DC-644459231246" localFKIndex="ED3D8F0D-807E-0AAF-C6C0-7DED317DBC89" name="CursoAsignado_Usuario_FK">
<sourceDDLFile>a (2).sql</sourceDDLFile>
<createdBy>sergi</createdBy>
<createdTime>2024-11-15 22:22:37 UTC</createdTime>
<ownerDesignName>asd</ownerDesignName>
<importedID>22F218D4-FEBE-CEEA-3C6F-B28AE2455AFD</importedID>
<referredTableLongName>Usuario</referredTableLongName>
<deleteRule>NO ACTION</deleteRule>
<referredTableID>50392B17-87D1-6347-A366-466E91AE24A4</referredTableID>
<keyObject>92A2AC27-47AA-4E3B-8643-3AE95B107AEE</keyObject>
<referredKeyID>92A2AC27-47AA-4E3B-8643-3AE95B107AEE</referredKeyID>
<mandatory>true</mandatory>
<refColNames>rut</refColNames>
<transferable>true</transferable>
<rely>false</rely>
<columnDependencyConstraintGenerateInDDL>true</columnDependencyConstraintGenerateInDDL>
</FKIndexAssociation>