<?xml version = '1.0' encoding = 'UTF-8'?>
<FKIndexAssociation class="oracle.dbtools.crest.model.design.relational.FKIndexAssociation" directorySegmentName="seg_0" id="BE7A819C-8569-F84F-7E7C-BFB3BC017428" containerWithKeyObject="16797703-33F8-32E6-3650-0503EDA1B8CB" localFKIndex="CE060A74-731F-97F4-F749-43EA223DBE09" name="Respuesta_OpcionRespuesta_FK">
<sourceDDLFile>a (2).sql</sourceDDLFile>
<createdBy>sergi</createdBy>
<createdTime>2024-11-15 22:22:37 UTC</createdTime>
<ownerDesignName>asd</ownerDesignName>
<importedID>4D4D85CE-4894-E879-D91A-829E123AC671</importedID>
<referredTableLongName>OpcionRespuesta</referredTableLongName>
<deleteRule>NO ACTION</deleteRule>
<referredTableID>8FF09BA9-F967-72C7-32DE-BE1C9CCE200A</referredTableID>
<keyObject>80288743-5CF8-AED5-E98C-F9E4FEA8F1BF</keyObject>
<referredKeyID>80288743-5CF8-AED5-E98C-F9E4FEA8F1BF</referredKeyID>
<mandatory>false</mandatory>
<refColNames>id_opcion</refColNames>
<transferable>true</transferable>
<rely>false</rely>
<columnDependencyConstraintGenerateInDDL>true</columnDependencyConstraintGenerateInDDL>
</FKIndexAssociation>