<?xml version = '1.0' encoding = 'UTF-8'?>
<FKIndexAssociation class="oracle.dbtools.crest.model.design.relational.FKIndexAssociation" directorySegmentName="seg_0" id="C26E0793-B031-3D3F-A2BD-ADCEA08E406B" containerWithKeyObject="F06F2A67-19CA-24BE-C6CA-251E14B12EEE" localFKIndex="21043E5B-A60A-DC2A-44D5-8408826EC595" name="EncuestaAsignada_Usuario_FK">
<sourceDDLFile>a (2).sql</sourceDDLFile>
<createdBy>sergi</createdBy>
<createdTime>2024-11-15 22:22:37 UTC</createdTime>
<ownerDesignName>asd</ownerDesignName>
<importedID>DDDC20B8-CBDC-43FA-A8F8-E68E6623D18C</importedID>
<referredTableLongName>Usuario</referredTableLongName>
<deleteRule>NO ACTION</deleteRule>
<referredTableID>50392B17-87D1-6347-A366-466E91AE24A4</referredTableID>
<keyObject>92A2AC27-47AA-4E3B-8643-3AE95B107AEE</keyObject>
<referredKeyID>92A2AC27-47AA-4E3B-8643-3AE95B107AEE</referredKeyID>
<mandatory>true</mandatory>
<refColNames>rut</refColNames>
<transferable>true</transferable>
<rely>false</rely>
<columnDependencyConstraintGenerateInDDL>true</columnDependencyConstraintGenerateInDDL>
</FKIndexAssociation>