<?xml version = '1.0' encoding = 'UTF-8'?>
<FKIndexAssociation class="oracle.dbtools.crest.model.design.relational.FKIndexAssociation" directorySegmentName="seg_0" id="C6FB64DE-CC0E-1B2A-83EF-BDE31A3A1FBC" containerWithKeyObject="16797703-33F8-32E6-3650-0503EDA1B8CB" localFKIndex="58D08B02-195C-46F9-B21F-DA7C38E8B9D7" name="Respuesta_Pregunta_FK">
<sourceDDLFile>a (2).sql</sourceDDLFile>
<createdBy>sergi</createdBy>
<createdTime>2024-11-15 22:22:37 UTC</createdTime>
<ownerDesignName>asd</ownerDesignName>
<importedID>5250C287-068F-4F1A-8FC5-D3DF3235D873</importedID>
<referredTableLongName>Pregunta</referredTableLongName>
<deleteRule>NO ACTION</deleteRule>
<referredTableID>34734ECA-C853-D896-7882-7CC7BDCA86AE</referredTableID>
<keyObject>C41B0AB7-4BA7-7683-F49A-548234188CB8</keyObject>
<referredKeyID>C41B0AB7-4BA7-7683-F49A-548234188CB8</referredKeyID>
<mandatory>false</mandatory>
<refColNames>id_pregunta</refColNames>
<transferable>true</transferable>
<rely>false</rely>
<columnDependencyConstraintGenerateInDDL>true</columnDependencyConstraintGenerateInDDL>
</FKIndexAssociation>