<?xml version = '1.0' encoding = 'UTF-8'?>
<FKIndexAssociation class="oracle.dbtools.crest.model.design.relational.FKIndexAssociation" directorySegmentName="seg_0" id="E549675B-4724-7857-233B-05EEBF68E055" containerWithKeyObject="AE38A7D2-A521-5896-27F5-3A314C2BA24C" localFKIndex="AE0FE5DF-B32B-C96E-5C30-3EC09C02797E" name="Modulo_CursoCapacitacion_FK">
<sourceDDLFile>a (2).sql</sourceDDLFile>
<createdBy>sergi</createdBy>
<createdTime>2024-11-15 22:22:37 UTC</createdTime>
<ownerDesignName>asd</ownerDesignName>
<importedID>ED5FB44C-E9E8-4103-0DCF-58545BC9BE8D</importedID>
<referredTableLongName>CursoCapacitacion</referredTableLongName>
<deleteRule>NO ACTION</deleteRule>
<referredTableID>4A457A70-BF4A-A666-383F-1E87B47DA0D2</referredTableID>
<keyObject>EAE23E61-EB01-13FB-47BF-EC216B3C0DFA</keyObject>
<referredKeyID>EAE23E61-EB01-13FB-47BF-EC216B3C0DFA</referredKeyID>
<mandatory>true</mandatory>
<refColNames>id_curso</refColNames>
<transferable>true</transferable>
<rely>false</rely>
<columnDependencyConstraintGenerateInDDL>true</columnDependencyConstraintGenerateInDDL>
</FKIndexAssociation>