<?xml version = '1.0' encoding = 'UTF-8'?>
<FKIndexAssociation class="oracle.dbtools.crest.model.design.relational.FKIndexAssociation" directorySegmentName="seg_0" id="F78D3F7D-6A65-83BB-EEAE-4E99EDE9C6DC" containerWithKeyObject="0A1B0950-E7D0-B74F-F58C-7AB7D365ED86" localFKIndex="648C1C9D-9EEE-CBB3-74DF-49577ED28093" name="LeccionCurso_Modulo_FK">
<sourceDDLFile>a (2).sql</sourceDDLFile>
<createdBy>sergi</createdBy>
<createdTime>2024-11-15 22:22:37 UTC</createdTime>
<ownerDesignName>asd</ownerDesignName>
<importedID>743E5A96-06B2-39DD-FA2D-2C2B95745131</importedID>
<referredTableLongName>Modulo</referredTableLongName>
<deleteRule>NO ACTION</deleteRule>
<referredTableID>AE38A7D2-A521-5896-27F5-3A314C2BA24C</referredTableID>
<keyObject>936075C3-E9E7-931D-8F9B-B5A63CC98DF1</keyObject>
<referredKeyID>936075C3-E9E7-931D-8F9B-B5A63CC98DF1</referredKeyID>
<mandatory>true</mandatory>
<refColNames>id_modulo</refColNames>
<transferable>true</transferable>
<rely>false</rely>
<columnDependencyConstraintGenerateInDDL>true</columnDependencyConstraintGenerateInDDL>
</FKIndexAssociation>