<?xml version = '1.0' encoding = 'UTF-8'?>
<Entity class="oracle.dbtools.crest.model.design.logical.Entity" directorySegmentName="seg_0" id="09A696F5-CE1A-788D-306E-ACDF9269D5D2" name="leecion_curso">
<createdBy>sergi</createdBy>
<createdTime>2024-09-17 19:22:06 UTC</createdTime>
<ownerDesignName>logico</ownerDesignName>
<engineerTo>
<item key="D41DC297-8ACE-B51B-921A-07525162A6A2" value="true"/>
</engineerTo>
<adequatelyNormalized>NO</adequatelyNormalized>
<expectedVolumes>0</expectedVolumes>
<fwdEngineeringStrategyName>Single Table</fwdEngineeringStrategyName>
<growthPercent>0</growthPercent>
<growthType>Year</growthType>
<maxVolumes>9999999</maxVolumes>
<minVolumes>0</minVolumes>
<normalForm>Third</normalForm>
<attributes itemClass="oracle.dbtools.crest.model.design.logical.Attribute">
<Attribute name="id_leccion" id="70592E17-E595-2AA3-E013-9D52CDADA337">
<createdBy>sergi</createdBy>
<createdTime>2024-09-17 19:22:14 UTC</createdTime>
<ownerDesignName>logico</ownerDesignName>
<engineerTo>
<item key="D41DC297-8ACE-B51B-921A-07525162A6A2" value="true"/>
</engineerTo>
<useDomainConstraints>false</useDomainConstraints>
<use>1</use>
<logicalDatatype>LOGDT011</logicalDatatype>
<ownDataTypeParameters>,,</ownDataTypeParameters>
</Attribute>
<Attribute name="nombre_leccion" id="42319F14-7FD9-CA80-12BF-5D9422589CB0">
<createdBy>sergi</createdBy>
<createdTime>2024-09-17 19:22:22 UTC</createdTime>
<ownerDesignName>logico</ownerDesignName>
<engineerTo>
<item key="D41DC297-8ACE-B51B-921A-07525162A6A2" value="true"/>
</engineerTo>
<useDomainConstraints>false</useDomainConstraints>
<use>1</use>
<logicalDatatype>LOGDT024</logicalDatatype>
<ownDataTypeParameters>,,</ownDataTypeParameters>
</Attribute>
<Attribute name="rut" id="6735481F-A234-2A0A-9935-1A6533950BA8">
<createdBy>sergi</createdBy>
<createdTime>2024-09-24 21:32:41 UTC</createdTime>
<generatorID>CCA0DD12-AC72-70A1-7851-020D750F4162</generatorID>
<ownerDesignName>logico</ownerDesignName>
<engineerTo>
<item key="D41DC297-8ACE-B51B-921A-07525162A6A2" value="true"/>
</engineerTo>
<referedAttribute>7A609929-9BBB-5261-EFF2-8A117FAB9B71</referedAttribute>
<useDomainConstraints>false</useDomainConstraints>
<use>1</use>
<logicalDatatype>LOGDT024</logicalDatatype>
<ownDataTypeParameters>,,</ownDataTypeParameters>
</Attribute>
<Attribute name="id_especialidad" id="149620EB-B683-1685-A8DC-1CF7AC5A87B3">
<createdBy>sergi</createdBy>
<createdTime>2024-09-24 21:32:41 UTC</createdTime>
<generatorID>CCA0DD12-AC72-70A1-7851-020D750F4162</generatorID>
<ownerDesignName>logico</ownerDesignName>
<engineerTo>
<item key="D41DC297-8ACE-B51B-921A-07525162A6A2" value="true"/>
</engineerTo>
<referedAttribute>4A6DE4D8-088A-6EB2-8CF1-1D62E925049A</referedAttribute>
<useDomainConstraints>false</useDomainConstraints>
<use>1</use>
<logicalDatatype>LOGDT011</logicalDatatype>
<ownDataTypeParameters>,,</ownDataTypeParameters>
</Attribute>
<Attribute name="id_rol" id="F3746466-6393-9BBE-897D-031AE4B92200">
<createdBy>sergi</createdBy>
<createdTime>2024-09-24 21:32:41 UTC</createdTime>
<generatorID>CCA0DD12-AC72-70A1-7851-020D750F4162</generatorID>
<ownerDesignName>logico</ownerDesignName>
<engineerTo>
<item key="D41DC297-8ACE-B51B-921A-07525162A6A2" value="true"/>
</engineerTo>
<referedAttribute>55227762-0E9B-6AA6-3551-368E800B84C3</referedAttribute>
<useDomainConstraints>false</useDomainConstraints>
<use>1</use>
<logicalDatatype>LOGDT011</logicalDatatype>
<ownDataTypeParameters>,,</ownDataTypeParameters>
</Attribute>
<Attribute name="id_modulo" id="312A5B78-08A2-9B1A-7FFA-4BDB0A96348E">
<createdBy>sergi</createdBy>
<createdTime>2024-09-24 21:34:13 UTC</createdTime>
<generatorID>D8F410C3-923D-0666-9816-4560B3A349AF</generatorID>
<ownerDesignName>logico</ownerDesignName>
<engineerTo>
<item key="D41DC297-8ACE-B51B-921A-07525162A6A2" value="true"/>
</engineerTo>
<referedAttribute>7BD225AA-B02B-EA7B-D27C-64865A0B5252</referedAttribute>
<useDomainConstraints>false</useDomainConstraints>
<use>1</use>
<logicalDatatype>LOGDT011</logicalDatatype>
<ownDataTypeParameters>,,</ownDataTypeParameters>
</Attribute>
<Attribute name="id_curso" id="6B63DA82-8AE9-0E0C-BF1E-B0CAE317478E">
<createdBy>sergi</createdBy>
<createdTime>2024-09-24 21:34:13 UTC</createdTime>
<generatorID>D8F410C3-923D-0666-9816-4560B3A349AF</generatorID>
<ownerDesignName>logico</ownerDesignName>
<engineerTo>
<item key="D41DC297-8ACE-B51B-921A-07525162A6A2" value="true"/>
</engineerTo>
<referedAttribute>173719F2-214E-092E-9D63-A153AC1F666E</referedAttribute>
<useDomainConstraints>false</useDomainConstraints>
<use>1</use>
<logicalDatatype>LOGDT011</logicalDatatype>
<ownDataTypeParameters>,,</ownDataTypeParameters>
</Attribute>
<Attribute name="id_area" id="ADAECC10-D09A-1AC0-5854-2198B6C53CB3">
<createdBy>sergi</createdBy>
<createdTime>2024-09-24 21:37:21 UTC</createdTime>
<generatorID>CCA0DD12-AC72-70A1-7851-020D750F4162</generatorID>
<ownerDesignName>logico</ownerDesignName>
<engineerTo>
<item key="D41DC297-8ACE-B51B-921A-07525162A6A2" value="true"/>
</engineerTo>
<referedAttribute>51D8F08E-43D9-6027-6D23-2E93A66B595C</referedAttribute>
<useDomainConstraints>false</useDomainConstraints>
<use>1</use>
<logicalDatatype>LOGDT011</logicalDatatype>
<ownDataTypeParameters>,,</ownDataTypeParameters>
</Attribute>
<Attribute name="cumplimiento_leccion" id="6E369327-D805-5AEB-A9D8-A656DCE95486">
<createdBy>sergi</createdBy>
<createdTime>2024-09-24 22:07:59 UTC</createdTime>
<ownerDesignName>logico</ownerDesignName>
<engineerTo>
<item key="D41DC297-8ACE-B51B-921A-07525162A6A2" value="true"/>
</engineerTo>
<useDomainConstraints>false</useDomainConstraints>
<use>1</use>
<logicalDatatype>LOGDT006</logicalDatatype>
<dataTypeSize>1</dataTypeSize>
<ownDataTypeParameters>1,,</ownDataTypeParameters>
</Attribute>
<Attribute name="descripcion_leccion" id="131FEEB1-CBCA-3ADA-8A4F-1B30F1A71391">
<createdBy>sergi</createdBy>
<createdTime>2024-09-24 22:10:31 UTC</createdTime>
<ownerDesignName>logico</ownerDesignName>
<engineerTo>
<item key="D41DC297-8ACE-B51B-921A-07525162A6A2" value="true"/>
</engineerTo>
<useDomainConstraints>false</useDomainConstraints>
<use>1</use>
<logicalDatatype>LOGDT024</logicalDatatype>
<ownDataTypeParameters>,,</ownDataTypeParameters>
</Attribute>
</attributes>
<identifiers itemClass="oracle.dbtools.crest.model.design.logical.CandidateKey">
<identifier id="4A279646-ABD5-0251-6420-B93219788EC3" name="leecion_curso PK">
<createdBy>sergi</createdBy>
<createdTime>2024-09-17 19:22:21 UTC</createdTime>
<ownerDesignName>logico</ownerDesignName>
<engineerTo>
<item key="D41DC297-8ACE-B51B-921A-07525162A6A2" value="true"/>
</engineerTo>
<pk>true</pk>
<usedAttributes>
<attributeRef>70592E17-E595-2AA3-E013-9D52CDADA337</attributeRef>
<attributeRef>6735481F-A234-2A0A-9935-1A6533950BA8</attributeRef>
<attributeRef>149620EB-B683-1685-A8DC-1CF7AC5A87B3</attributeRef>
<attributeRef>F3746466-6393-9BBE-897D-031AE4B92200</attributeRef>
<attributeRef>ADAECC10-D09A-1AC0-5854-2198B6C53CB3</attributeRef>
</usedAttributes>
</identifier>
</identifiers>
</Entity>