<?xml version = '1.0' encoding = 'UTF-8'?>
<Entity class="oracle.dbtools.crest.model.design.logical.Entity" directorySegmentName="seg_0" id="15955DD6-1A1F-E78C-004E-02430F5BBFA0" name="encuesta_asignada">
<createdBy>sergi</createdBy>
<createdTime>2024-09-17 03:04:03 UTC</createdTime>
<ownerDesignName>logico</ownerDesignName>
<engineerTo>
<item key="D41DC297-8ACE-B51B-921A-07525162A6A2" value="true"/>
</engineerTo>
<adequatelyNormalized>NO</adequatelyNormalized>
<expectedVolumes>0</expectedVolumes>
<fwdEngineeringStrategyName>Single Table</fwdEngineeringStrategyName>
<growthPercent>0</growthPercent>
<growthType>Year</growthType>
<maxVolumes>9999999</maxVolumes>
<minVolumes>0</minVolumes>
<normalForm>Third</normalForm>
<attributes itemClass="oracle.dbtools.crest.model.design.logical.Attribute">
<Attribute name="id_asignacion" id="F4ABD1D9-C123-2ED8-0500-51E7DF6C06C2">
<createdBy>sergi</createdBy>
<createdTime>2024-09-17 03:08:28 UTC</createdTime>
<ownerDesignName>logico</ownerDesignName>
<engineerTo>
<item key="D41DC297-8ACE-B51B-921A-07525162A6A2" value="true"/>
</engineerTo>
<useDomainConstraints>false</useDomainConstraints>
<use>1</use>
<logicalDatatype>LOGDT011</logicalDatatype>
<ownDataTypeParameters>,,</ownDataTypeParameters>
</Attribute>
<Attribute name="estado" id="51C98D88-6849-370D-2F72-9DBDC93BF96A">
<createdBy>sergi</createdBy>
<createdTime>2024-09-17 03:08:39 UTC</createdTime>
<ownerDesignName>logico</ownerDesignName>
<engineerTo>
<item key="D41DC297-8ACE-B51B-921A-07525162A6A2" value="true"/>
</engineerTo>
<useDomainConstraints>false</useDomainConstraints>
<use>1</use>
<logicalDatatype>LOGDT006</logicalDatatype>
<dataTypeSize>1</dataTypeSize>
<ownDataTypeParameters>1,,</ownDataTypeParameters>
</Attribute>
<Attribute name="fecha" id="9BB6A122-3B07-EDF3-0286-D9E388AFB172">
<createdBy>sergi</createdBy>
<createdTime>2024-09-17 03:08:54 UTC</createdTime>
<ownerDesignName>logico</ownerDesignName>
<engineerTo>
<item key="D41DC297-8ACE-B51B-921A-07525162A6A2" value="true"/>
</engineerTo>
<useDomainConstraints>false</useDomainConstraints>
<use>1</use>
<logicalDatatype>LOGDT008</logicalDatatype>
<ownDataTypeParameters>,,</ownDataTypeParameters>
</Attribute>
<Attribute name="rut" id="0A646956-192B-5917-00BE-ED6E2CA1D6B6">
<createdBy>sergi</createdBy>
<createdTime>2024-09-17 03:12:28 UTC</createdTime>
<generatorID>BC330079-4902-8516-E393-E3DA1D1AC34C</generatorID>
<ownerDesignName>logico</ownerDesignName>
<engineerTo>
<item key="D41DC297-8ACE-B51B-921A-07525162A6A2" value="true"/>
</engineerTo>
<referedAttribute>7A609929-9BBB-5261-EFF2-8A117FAB9B71</referedAttribute>
<useDomainConstraints>false</useDomainConstraints>
<use>1</use>
<logicalDatatype>LOGDT024</logicalDatatype>
<ownDataTypeParameters>,,</ownDataTypeParameters>
</Attribute>
<Attribute name="id_especialidad" id="6AEB999E-C03F-D4EF-20B1-4DEABEC1A17F">
<createdBy>sergi</createdBy>
<createdTime>2024-09-17 03:12:28 UTC</createdTime>
<generatorID>BC330079-4902-8516-E393-E3DA1D1AC34C</generatorID>
<ownerDesignName>logico</ownerDesignName>
<engineerTo>
<item key="D41DC297-8ACE-B51B-921A-07525162A6A2" value="true"/>
</engineerTo>
<referedAttribute>4A6DE4D8-088A-6EB2-8CF1-1D62E925049A</referedAttribute>
<useDomainConstraints>false</useDomainConstraints>
<use>1</use>
<logicalDatatype>LOGDT011</logicalDatatype>
<ownDataTypeParameters>,,</ownDataTypeParameters>
</Attribute>
<Attribute name="id_rol" id="B30D67AC-3958-FA76-1554-9116F53E7A7F">
<createdBy>sergi</createdBy>
<createdTime>2024-09-17 03:12:28 UTC</createdTime>
<generatorID>BC330079-4902-8516-E393-E3DA1D1AC34C</generatorID>
<ownerDesignName>logico</ownerDesignName>
<engineerTo>
<item key="D41DC297-8ACE-B51B-921A-07525162A6A2" value="true"/>
</engineerTo>
<referedAttribute>55227762-0E9B-6AA6-3551-368E800B84C3</referedAttribute>
<useDomainConstraints>false</useDomainConstraints>
<use>1</use>
<logicalDatatype>LOGDT011</logicalDatatype>
<ownDataTypeParameters>,,</ownDataTypeParameters>
</Attribute>
<Attribute name="id_encuesta" id="F15CD9CE-4A81-2E5E-797F-4CD9EFF87503">
<createdBy>sergi</createdBy>
<createdTime>2024-09-17 03:12:32 UTC</createdTime>
<generatorID>BA9AC9B1-2F38-7C6A-0245-A0CD7B661495</generatorID>
<ownerDesignName>logico</ownerDesignName>
<engineerTo>
<item key="D41DC297-8ACE-B51B-921A-07525162A6A2" value="true"/>
</engineerTo>
<referedAttribute>49408EFF-77D2-2DF2-FA94-9838AD531572</referedAttribute>
<useDomainConstraints>false</useDomainConstraints>
<use>1</use>
<logicalDatatype>LOGDT011</logicalDatatype>
<ownDataTypeParameters>,,</ownDataTypeParameters>
</Attribute>
<Attribute name="id_area" id="39BC6CDF-5DC3-4B90-C8DD-9F6EF8CFF0F8">
<createdBy>sergi</createdBy>
<createdTime>2024-09-24 21:37:21 UTC</createdTime>
<generatorID>BC330079-4902-8516-E393-E3DA1D1AC34C</generatorID>
<ownerDesignName>logico</ownerDesignName>
<engineerTo>
<item key="D41DC297-8ACE-B51B-921A-07525162A6A2" value="true"/>
</engineerTo>
<referedAttribute>51D8F08E-43D9-6027-6D23-2E93A66B595C</referedAttribute>
<useDomainConstraints>false</useDomainConstraints>
<use>1</use>
<logicalDatatype>LOGDT011</logicalDatatype>
<ownDataTypeParameters>,,</ownDataTypeParameters>
</Attribute>
</attributes>
<identifiers itemClass="oracle.dbtools.crest.model.design.logical.CandidateKey">
<identifier id="E04B36F6-2212-11B4-07CB-34C011188806" name="encuesta_asignada PK">
<createdBy>sergi</createdBy>
<createdTime>2024-09-17 03:08:38 UTC</createdTime>
<ownerDesignName>logico</ownerDesignName>
<engineerTo>
<item key="D41DC297-8ACE-B51B-921A-07525162A6A2" value="true"/>
</engineerTo>
<pk>true</pk>
<usedAttributes>
<attributeRef>F4ABD1D9-C123-2ED8-0500-51E7DF6C06C2</attributeRef>
<attributeRef>0A646956-192B-5917-00BE-ED6E2CA1D6B6</attributeRef>
<attributeRef>6AEB999E-C03F-D4EF-20B1-4DEABEC1A17F</attributeRef>
<attributeRef>B30D67AC-3958-FA76-1554-9116F53E7A7F</attributeRef>
<attributeRef>39BC6CDF-5DC3-4B90-C8DD-9F6EF8CFF0F8</attributeRef>
<attributeRef>F15CD9CE-4A81-2E5E-797F-4CD9EFF87503</attributeRef>
</usedAttributes>
</identifier>
</identifiers>
</Entity>