<?xml version = '1.0' encoding = 'UTF-8'?>
<Entity class="oracle.dbtools.crest.model.design.logical.Entity" directorySegmentName="seg_0" id="3E641FBC-CBF9-53D5-39D6-C4B75416E6CC" name="usuario">
<createdBy>sergi</createdBy>
<createdTime>2024-09-17 03:03:40 UTC</createdTime>
<ownerDesignName>logico</ownerDesignName>
<engineerTo>
<item key="D41DC297-8ACE-B51B-921A-07525162A6A2" value="true"/>
</engineerTo>
<adequatelyNormalized>NO</adequatelyNormalized>
<expectedVolumes>0</expectedVolumes>
<fwdEngineeringStrategyName>Single Table</fwdEngineeringStrategyName>
<growthPercent>0</growthPercent>
<growthType>Year</growthType>
<maxVolumes>9999999</maxVolumes>
<minVolumes>0</minVolumes>
<normalForm>Third</normalForm>
<attributes itemClass="oracle.dbtools.crest.model.design.logical.Attribute">
<Attribute name="rut" id="7A609929-9BBB-5261-EFF2-8A117FAB9B71">
<createdBy>sergi</createdBy>
<createdTime>2024-09-17 03:05:11 UTC</createdTime>
<ownerDesignName>logico</ownerDesignName>
<engineerTo>
<item key="D41DC297-8ACE-B51B-921A-07525162A6A2" value="true"/>
</engineerTo>
<useDomainConstraints>false</useDomainConstraints>
<use>1</use>
<logicalDatatype>LOGDT024</logicalDatatype>
<ownDataTypeParameters>,,</ownDataTypeParameters>
</Attribute>
<Attribute name="nombre" id="FA692A92-D5EE-6153-24B8-B1B55A829037">
<createdBy>sergi</createdBy>
<createdTime>2024-09-17 03:05:39 UTC</createdTime>
<ownerDesignName>logico</ownerDesignName>
<engineerTo>
<item key="D41DC297-8ACE-B51B-921A-07525162A6A2" value="true"/>
</engineerTo>
<useDomainConstraints>false</useDomainConstraints>
<use>1</use>
<logicalDatatype>LOGDT024</logicalDatatype>
<ownDataTypeParameters>,,</ownDataTypeParameters>
</Attribute>
<Attribute name="apellido_paterno" id="2279B31E-4325-4D02-CE92-35698CF9864A">
<createdBy>sergi</createdBy>
<createdTime>2024-09-17 03:05:56 UTC</createdTime>
<ownerDesignName>logico</ownerDesignName>
<engineerTo>
<item key="D41DC297-8ACE-B51B-921A-07525162A6A2" value="true"/>
</engineerTo>
<useDomainConstraints>false</useDomainConstraints>
<use>1</use>
<logicalDatatype>LOGDT024</logicalDatatype>
<ownDataTypeParameters>,,</ownDataTypeParameters>
</Attribute>
<Attribute name="apellido_materno" id="B61781A2-E247-BD8D-4777-BD10C1EA9BBB">
<createdBy>sergi</createdBy>
<createdTime>2024-09-17 03:06:14 UTC</createdTime>
<ownerDesignName>logico</ownerDesignName>
<engineerTo>
<item key="D41DC297-8ACE-B51B-921A-07525162A6A2" value="true"/>
</engineerTo>
<useDomainConstraints>false</useDomainConstraints>
<use>1</use>
<logicalDatatype>LOGDT024</logicalDatatype>
<ownDataTypeParameters>,,</ownDataTypeParameters>
</Attribute>
<Attribute name="correo" id="584389B4-52C4-6993-10C8-96B794E5C7B9">
<createdBy>sergi</createdBy>
<createdTime>2024-09-17 03:06:31 UTC</createdTime>
<ownerDesignName>logico</ownerDesignName>
<engineerTo>
<item key="D41DC297-8ACE-B51B-921A-07525162A6A2" value="true"/>
</engineerTo>
<useDomainConstraints>false</useDomainConstraints>
<use>1</use>
<logicalDatatype>LOGDT024</logicalDatatype>
<ownDataTypeParameters>,,</ownDataTypeParameters>
</Attribute>
<Attribute name="id_especialidad" id="4A6DE4D8-088A-6EB2-8CF1-1D62E925049A">
<createdBy>sergi</createdBy>
<createdTime>2024-09-17 03:11:33 UTC</createdTime>
<generatorID>6F8F10EF-AED2-3762-A730-97AFBE63C7D1</generatorID>
<ownerDesignName>logico</ownerDesignName>
<engineerTo>
<item key="D41DC297-8ACE-B51B-921A-07525162A6A2" value="true"/>
</engineerTo>
<referedAttribute>D9B45A28-5189-8BB6-6C2F-2CBD9E4942A3</referedAttribute>
<useDomainConstraints>false</useDomainConstraints>
<use>1</use>
<logicalDatatype>LOGDT011</logicalDatatype>
<ownDataTypeParameters>,,</ownDataTypeParameters>
</Attribute>
<Attribute name="id_rol" id="55227762-0E9B-6AA6-3551-368E800B84C3">
<createdBy>sergi</createdBy>
<createdTime>2024-09-17 03:12:19 UTC</createdTime>
<generatorID>E4D66995-5F5B-3F87-19F2-BCCA8555854C</generatorID>
<ownerDesignName>logico</ownerDesignName>
<engineerTo>
<item key="D41DC297-8ACE-B51B-921A-07525162A6A2" value="true"/>
</engineerTo>
<referedAttribute>A092CF4B-A3BF-5854-FAD8-27E3BB7593CD</referedAttribute>
<useDomainConstraints>false</useDomainConstraints>
<use>1</use>
<logicalDatatype>LOGDT011</logicalDatatype>
<ownDataTypeParameters>,,</ownDataTypeParameters>
</Attribute>
<Attribute name="id_area" id="51D8F08E-43D9-6027-6D23-2E93A66B595C">
<createdBy>sergi</createdBy>
<createdTime>2024-09-24 21:37:21 UTC</createdTime>
<generatorID>6F8F10EF-AED2-3762-A730-97AFBE63C7D1</generatorID>
<ownerDesignName>logico</ownerDesignName>
<engineerTo>
<item key="D41DC297-8ACE-B51B-921A-07525162A6A2" value="true"/>
</engineerTo>
<referedAttribute>904CF8A6-D1D4-39D4-7ADC-44FB88DC77A5</referedAttribute>
<useDomainConstraints>false</useDomainConstraints>
<use>1</use>
<logicalDatatype>LOGDT011</logicalDatatype>
<ownDataTypeParameters>,,</ownDataTypeParameters>
</Attribute>
</attributes>
<identifiers itemClass="oracle.dbtools.crest.model.design.logical.CandidateKey">
<identifier id="1E868A15-ED8B-4EDC-B652-B3CB93DCB9BB" name="usuario PK">
<createdBy>sergi</createdBy>
<createdTime>2024-09-17 03:05:14 UTC</createdTime>
<ownerDesignName>logico</ownerDesignName>
<engineerTo>
<item key="D41DC297-8ACE-B51B-921A-07525162A6A2" value="true"/>
</engineerTo>
<pk>true</pk>
<usedAttributes>
<attributeRef>7A609929-9BBB-5261-EFF2-8A117FAB9B71</attributeRef>
<attributeRef>4A6DE4D8-088A-6EB2-8CF1-1D62E925049A</attributeRef>
<attributeRef>51D8F08E-43D9-6027-6D23-2E93A66B595C</attributeRef>
<attributeRef>55227762-0E9B-6AA6-3551-368E800B84C3</attributeRef>
</usedAttributes>
</identifier>
</identifiers>
</Entity>