<?xml version = '1.0' encoding = 'UTF-8'?>
<Entity class="oracle.dbtools.crest.model.design.logical.Entity" directorySegmentName="seg_0" id="54506F0C-B569-DFD9-68F3-288871E1B563" name="contenido">
<createdBy>sergi</createdBy>
<createdTime>2024-09-17 19:23:11 UTC</createdTime>
<ownerDesignName>logico</ownerDesignName>
<engineerTo>
<item key="D41DC297-8ACE-B51B-921A-07525162A6A2" value="true"/>
</engineerTo>
<adequatelyNormalized>NO</adequatelyNormalized>
<expectedVolumes>0</expectedVolumes>
<fwdEngineeringStrategyName>Single Table</fwdEngineeringStrategyName>
<growthPercent>0</growthPercent>
<growthType>Year</growthType>
<maxVolumes>9999999</maxVolumes>
<minVolumes>0</minVolumes>
<normalForm>Third</normalForm>
<attributes itemClass="oracle.dbtools.crest.model.design.logical.Attribute">
<Attribute name="id_contenido" id="E88ABF26-4314-6781-87CA-42D5445762A7">
<createdBy>sergi</createdBy>
<createdTime>2024-09-17 19:23:16 UTC</createdTime>
<ownerDesignName>logico</ownerDesignName>
<engineerTo>
<item key="D41DC297-8ACE-B51B-921A-07525162A6A2" value="true"/>
</engineerTo>
<useDomainConstraints>false</useDomainConstraints>
<use>1</use>
<logicalDatatype>LOGDT011</logicalDatatype>
<ownDataTypeParameters>,,</ownDataTypeParameters>
</Attribute>
<Attribute name="archivo" id="0024EA09-1349-7108-BF15-87500C78D5DD">
<createdBy>sergi</createdBy>
<createdTime>2024-09-17 19:23:25 UTC</createdTime>
<ownerDesignName>logico</ownerDesignName>
<engineerTo>
<item key="D41DC297-8ACE-B51B-921A-07525162A6A2" value="true"/>
</engineerTo>
<use>0</use>
<ownDataTypeParameters>,,</ownDataTypeParameters>
</Attribute>
<Attribute name="url" id="2887977A-8593-C384-6CAD-7037B9937468">
<createdBy>sergi</createdBy>
<createdTime>2024-09-17 19:23:36 UTC</createdTime>
<ownerDesignName>logico</ownerDesignName>
<engineerTo>
<item key="D41DC297-8ACE-B51B-921A-07525162A6A2" value="true"/>
</engineerTo>
<useDomainConstraints>false</useDomainConstraints>
<use>1</use>
<logicalDatatype>LOGDT024</logicalDatatype>
<ownDataTypeParameters>,,</ownDataTypeParameters>
</Attribute>
<Attribute name="id_leccion" id="2F26405D-2C41-96FA-9DCE-13FAC163B69D">
<createdBy>sergi</createdBy>
<createdTime>2024-09-17 19:31:47 UTC</createdTime>
<generatorID>77D71903-1B51-264B-1E3C-0EDA7A17EE68</generatorID>
<ownerDesignName>logico</ownerDesignName>
<engineerTo>
<item key="D41DC297-8ACE-B51B-921A-07525162A6A2" value="true"/>
</engineerTo>
<referedAttribute>70592E17-E595-2AA3-E013-9D52CDADA337</referedAttribute>
<useDomainConstraints>false</useDomainConstraints>
<use>1</use>
<logicalDatatype>LOGDT011</logicalDatatype>
<ownDataTypeParameters>,,</ownDataTypeParameters>
</Attribute>
<Attribute name="rut" id="460CA575-B7FA-9C95-491A-48028C5ADC06">
<createdBy>sergi</createdBy>
<createdTime>2024-09-24 21:32:41 UTC</createdTime>
<generatorID>77D71903-1B51-264B-1E3C-0EDA7A17EE68</generatorID>
<ownerDesignName>logico</ownerDesignName>
<engineerTo>
<item key="D41DC297-8ACE-B51B-921A-07525162A6A2" value="true"/>
</engineerTo>
<referedAttribute>6735481F-A234-2A0A-9935-1A6533950BA8</referedAttribute>
<useDomainConstraints>false</useDomainConstraints>
<use>1</use>
<logicalDatatype>LOGDT024</logicalDatatype>
<ownDataTypeParameters>,,</ownDataTypeParameters>
</Attribute>
<Attribute name="id_especialidad" id="C9663129-9DA4-DDBE-3039-2DBC2625BB29">
<createdBy>sergi</createdBy>
<createdTime>2024-09-24 21:32:41 UTC</createdTime>
<generatorID>77D71903-1B51-264B-1E3C-0EDA7A17EE68</generatorID>
<ownerDesignName>logico</ownerDesignName>
<engineerTo>
<item key="D41DC297-8ACE-B51B-921A-07525162A6A2" value="true"/>
</engineerTo>
<referedAttribute>149620EB-B683-1685-A8DC-1CF7AC5A87B3</referedAttribute>
<useDomainConstraints>false</useDomainConstraints>
<use>1</use>
<logicalDatatype>LOGDT011</logicalDatatype>
<ownDataTypeParameters>,,</ownDataTypeParameters>
</Attribute>
<Attribute name="id_rol" id="C0063D6C-40B2-AD44-8BDC-BF6F11872733">
<createdBy>sergi</createdBy>
<createdTime>2024-09-24 21:32:41 UTC</createdTime>
<generatorID>77D71903-1B51-264B-1E3C-0EDA7A17EE68</generatorID>
<ownerDesignName>logico</ownerDesignName>
<engineerTo>
<item key="D41DC297-8ACE-B51B-921A-07525162A6A2" value="true"/>
</engineerTo>
<referedAttribute>F3746466-6393-9BBE-897D-031AE4B92200</referedAttribute>
<useDomainConstraints>false</useDomainConstraints>
<use>1</use>
<logicalDatatype>LOGDT011</logicalDatatype>
<ownDataTypeParameters>,,</ownDataTypeParameters>
</Attribute>
<Attribute name="id_area" id="4732D34D-BEA2-CC2E-FC30-DF2400EB0179">
<createdBy>sergi</createdBy>
<createdTime>2024-09-24 21:37:21 UTC</createdTime>
<generatorID>77D71903-1B51-264B-1E3C-0EDA7A17EE68</generatorID>
<ownerDesignName>logico</ownerDesignName>
<engineerTo>
<item key="D41DC297-8ACE-B51B-921A-07525162A6A2" value="true"/>
</engineerTo>
<referedAttribute>ADAECC10-D09A-1AC0-5854-2198B6C53CB3</referedAttribute>
<useDomainConstraints>false</useDomainConstraints>
<use>1</use>
<logicalDatatype>LOGDT011</logicalDatatype>
<ownDataTypeParameters>,,</ownDataTypeParameters>
</Attribute>
<Attribute name="tipo_contenido" id="9A1B3204-88C2-F062-C4DE-357DF9BBD83B">
<createdBy>sergi</createdBy>
<createdTime>2024-09-24 22:10:05 UTC</createdTime>
<ownerDesignName>logico</ownerDesignName>
<engineerTo>
<item key="D41DC297-8ACE-B51B-921A-07525162A6A2" value="true"/>
</engineerTo>
<use>0</use>
<ownDataTypeParameters>,,</ownDataTypeParameters>
</Attribute>
</attributes>
<identifiers itemClass="oracle.dbtools.crest.model.design.logical.CandidateKey">
<identifier id="37C6F030-C0EA-19CD-E422-73B8C043F784" name="contenido PK">
<createdBy>sergi</createdBy>
<createdTime>2024-09-17 19:23:25 UTC</createdTime>
<ownerDesignName>logico</ownerDesignName>
<engineerTo>
<item key="D41DC297-8ACE-B51B-921A-07525162A6A2" value="true"/>
</engineerTo>
<pk>true</pk>
<usedAttributes>
<attributeRef>E88ABF26-4314-6781-87CA-42D5445762A7</attributeRef>
<attributeRef>2F26405D-2C41-96FA-9DCE-13FAC163B69D</attributeRef>
<attributeRef>460CA575-B7FA-9C95-491A-48028C5ADC06</attributeRef>
<attributeRef>C9663129-9DA4-DDBE-3039-2DBC2625BB29</attributeRef>
<attributeRef>C0063D6C-40B2-AD44-8BDC-BF6F11872733</attributeRef>
<attributeRef>4732D34D-BEA2-CC2E-FC30-DF2400EB0179</attributeRef>
</usedAttributes>
</identifier>
</identifiers>
</Entity>