<?xml version = '1.0' encoding = 'UTF-8'?>
<Entity class="oracle.dbtools.crest.model.design.logical.Entity" directorySegmentName="seg_0" id="71722136-1916-73EC-213F-6EDC50CDC9E0" name="especialidad">
<createdBy>sergi</createdBy>
<createdTime>2024-09-17 03:02:40 UTC</createdTime>
<ownerDesignName>logico</ownerDesignName>
<engineerTo>
<item key="D41DC297-8ACE-B51B-921A-07525162A6A2" value="true"/>
</engineerTo>
<adequatelyNormalized>NO</adequatelyNormalized>
<expectedVolumes>0</expectedVolumes>
<fwdEngineeringStrategyName>Single Table</fwdEngineeringStrategyName>
<growthPercent>0</growthPercent>
<growthType>Year</growthType>
<maxVolumes>9999999</maxVolumes>
<minVolumes>0</minVolumes>
<normalForm>Third</normalForm>
<attributes itemClass="oracle.dbtools.crest.model.design.logical.Attribute">
<Attribute name="id_especialidad" id="D9B45A28-5189-8BB6-6C2F-2CBD9E4942A3">
<createdBy>sergi</createdBy>
<createdTime>2024-09-17 03:04:29 UTC</createdTime>
<ownerDesignName>logico</ownerDesignName>
<engineerTo>
<item key="D41DC297-8ACE-B51B-921A-07525162A6A2" value="true"/>
</engineerTo>
<useDomainConstraints>false</useDomainConstraints>
<use>1</use>
<logicalDatatype>LOGDT011</logicalDatatype>
<ownDataTypeParameters>,,</ownDataTypeParameters>
</Attribute>
<Attribute name="nombre_especialidad" id="87194322-35F9-364A-C517-F814EF40912C">
<createdBy>sergi</createdBy>
<createdTime>2024-09-17 03:04:39 UTC</createdTime>
<ownerDesignName>logico</ownerDesignName>
<engineerTo>
<item key="D41DC297-8ACE-B51B-921A-07525162A6A2" value="true"/>
</engineerTo>
<useDomainConstraints>false</useDomainConstraints>
<use>1</use>
<logicalDatatype>LOGDT024</logicalDatatype>
<dataTypeSize>255</dataTypeSize>
<ownDataTypeParameters>255,,</ownDataTypeParameters>
</Attribute>
<Attribute name="id_area" id="904CF8A6-D1D4-39D4-7ADC-44FB88DC77A5">
<createdBy>sergi</createdBy>
<createdTime>2024-09-24 21:37:21 UTC</createdTime>
<generatorID>15738C31-1DDE-7EFF-A79A-2B60B7F7060D</generatorID>
<ownerDesignName>logico</ownerDesignName>
<engineerTo>
<item key="D41DC297-8ACE-B51B-921A-07525162A6A2" value="true"/>
</engineerTo>
<referedAttribute>9C5DD77F-4C56-2028-D1AB-F013ACBDC514</referedAttribute>
<useDomainConstraints>false</useDomainConstraints>
<use>1</use>
<logicalDatatype>LOGDT011</logicalDatatype>
<ownDataTypeParameters>,,</ownDataTypeParameters>
</Attribute>
</attributes>
<identifiers itemClass="oracle.dbtools.crest.model.design.logical.CandidateKey">
<identifier id="CFC0F0AB-EF31-021D-105B-F06275B86F48" name="especialidad PK">
<createdBy>sergi</createdBy>
<createdTime>2024-09-17 03:04:35 UTC</createdTime>
<ownerDesignName>logico</ownerDesignName>
<engineerTo>
<item key="D41DC297-8ACE-B51B-921A-07525162A6A2" value="true"/>
</engineerTo>
<pk>true</pk>
<usedAttributes>
<attributeRef>D9B45A28-5189-8BB6-6C2F-2CBD9E4942A3</attributeRef>
<attributeRef>904CF8A6-D1D4-39D4-7ADC-44FB88DC77A5</attributeRef>
</usedAttributes>
</identifier>
</identifiers>
</Entity>