<?xml version = '1.0' encoding = 'UTF-8'?>
<Entity class="oracle.dbtools.crest.model.design.logical.Entity" directorySegmentName="seg_0" id="814558BB-7775-DCD7-094B-A42A8E0C3FD9" name="pregunta">
<createdBy>sergi</createdBy>
<createdTime>2024-09-17 03:04:16 UTC</createdTime>
<ownerDesignName>logico</ownerDesignName>
<engineerTo>
<item key="D41DC297-8ACE-B51B-921A-07525162A6A2" value="true"/>
</engineerTo>
<adequatelyNormalized>NO</adequatelyNormalized>
<expectedVolumes>0</expectedVolumes>
<fwdEngineeringStrategyName>Single Table</fwdEngineeringStrategyName>
<growthPercent>0</growthPercent>
<growthType>Year</growthType>
<maxVolumes>9999999</maxVolumes>
<minVolumes>0</minVolumes>
<normalForm>Third</normalForm>
<attributes itemClass="oracle.dbtools.crest.model.design.logical.Attribute">
<Attribute name="id_pregunta" id="E11A6AA0-5154-63C8-26AF-15AE34CF6171">
<createdBy>sergi</createdBy>
<createdTime>2024-09-17 03:09:55 UTC</createdTime>
<ownerDesignName>logico</ownerDesignName>
<engineerTo>
<item key="D41DC297-8ACE-B51B-921A-07525162A6A2" value="true"/>
</engineerTo>
<useDomainConstraints>false</useDomainConstraints>
<use>1</use>
<logicalDatatype>LOGDT011</logicalDatatype>
<ownDataTypeParameters>,,</ownDataTypeParameters>
</Attribute>
<Attribute name="texto_pregunta" id="4CF99718-7FBC-562B-5598-061357B9F24C">
<createdBy>sergi</createdBy>
<createdTime>2024-09-17 03:10:09 UTC</createdTime>
<ownerDesignName>logico</ownerDesignName>
<engineerTo>
<item key="D41DC297-8ACE-B51B-921A-07525162A6A2" value="true"/>
</engineerTo>
<useDomainConstraints>false</useDomainConstraints>
<use>1</use>
<logicalDatatype>LOGDT024</logicalDatatype>
<ownDataTypeParameters>,,</ownDataTypeParameters>
</Attribute>
<Attribute name="tipo_respuesta" id="3D6E50F7-143B-EA33-72FC-CB880878F911">
<createdBy>sergi</createdBy>
<createdTime>2024-09-17 03:10:24 UTC</createdTime>
<ownerDesignName>logico</ownerDesignName>
<engineerTo>
<item key="D41DC297-8ACE-B51B-921A-07525162A6A2" value="true"/>
</engineerTo>
<useDomainConstraints>false</useDomainConstraints>
<use>1</use>
<logicalDatatype>LOGDT006</logicalDatatype>
<dataTypeSize>1</dataTypeSize>
<ownDataTypeParameters>1,,</ownDataTypeParameters>
</Attribute>
<Attribute name="id_encuesta" id="840F69D6-A6FE-2407-FABA-51246E3BB3A4">
<createdBy>sergi</createdBy>
<createdTime>2024-09-17 03:12:43 UTC</createdTime>
<generatorID>1E089442-5321-7D76-35E8-13E247C996E6</generatorID>
<ownerDesignName>logico</ownerDesignName>
<engineerTo>
<item key="D41DC297-8ACE-B51B-921A-07525162A6A2" value="true"/>
</engineerTo>
<referedAttribute>49408EFF-77D2-2DF2-FA94-9838AD531572</referedAttribute>
<useDomainConstraints>false</useDomainConstraints>
<use>1</use>
<logicalDatatype>LOGDT011</logicalDatatype>
<ownDataTypeParameters>,,</ownDataTypeParameters>
</Attribute>
</attributes>
<identifiers itemClass="oracle.dbtools.crest.model.design.logical.CandidateKey">
<identifier id="B629FC8C-1C83-0EDB-2CC3-AFB88E0C01EC" name="preguntas PK">
<createdBy>sergi</createdBy>
<createdTime>2024-09-17 03:10:07 UTC</createdTime>
<ownerDesignName>logico</ownerDesignName>
<engineerTo>
<item key="D41DC297-8ACE-B51B-921A-07525162A6A2" value="true"/>
</engineerTo>
<pk>true</pk>
<usedAttributes>
<attributeRef>E11A6AA0-5154-63C8-26AF-15AE34CF6171</attributeRef>
<attributeRef>840F69D6-A6FE-2407-FABA-51246E3BB3A4</attributeRef>
</usedAttributes>
</identifier>
</identifiers>
</Entity>