<?xml version = '1.0' encoding = 'UTF-8'?>
<Entity class="oracle.dbtools.crest.model.design.logical.Entity" directorySegmentName="seg_0" id="9BAE1763-F5AA-94B1-A120-B392C20F60DF" name="opcion_respuesta">
<createdBy>sergi</createdBy>
<createdTime>2024-09-17 03:03:48 UTC</createdTime>
<ownerDesignName>logico</ownerDesignName>
<engineerTo>
<item key="D41DC297-8ACE-B51B-921A-07525162A6A2" value="true"/>
</engineerTo>
<adequatelyNormalized>NO</adequatelyNormalized>
<expectedVolumes>0</expectedVolumes>
<fwdEngineeringStrategyName>Single Table</fwdEngineeringStrategyName>
<growthPercent>0</growthPercent>
<growthType>Year</growthType>
<maxVolumes>9999999</maxVolumes>
<minVolumes>0</minVolumes>
<normalForm>Third</normalForm>
<attributes itemClass="oracle.dbtools.crest.model.design.logical.Attribute">
<Attribute name="id_opcion" id="72510117-B083-15CF-FD61-F65781FF4FF1">
<createdBy>sergi</createdBy>
<createdTime>2024-09-17 03:07:32 UTC</createdTime>
<ownerDesignName>logico</ownerDesignName>
<engineerTo>
<item key="D41DC297-8ACE-B51B-921A-07525162A6A2" value="true"/>
</engineerTo>
<useDomainConstraints>false</useDomainConstraints>
<use>1</use>
<logicalDatatype>LOGDT011</logicalDatatype>
<ownDataTypeParameters>,,</ownDataTypeParameters>
</Attribute>
<Attribute name="texto_opcion" id="736CF8E5-9DBA-10CA-864C-FDAA2B88D829">
<createdBy>sergi</createdBy>
<createdTime>2024-09-17 03:07:48 UTC</createdTime>
<ownerDesignName>logico</ownerDesignName>
<engineerTo>
<item key="D41DC297-8ACE-B51B-921A-07525162A6A2" value="true"/>
</engineerTo>
<useDomainConstraints>false</useDomainConstraints>
<use>1</use>
<logicalDatatype>LOGDT024</logicalDatatype>
<ownDataTypeParameters>,,</ownDataTypeParameters>
</Attribute>
<Attribute name="id_pregunta" id="CDC46D46-75C4-0F1D-F27F-9E031F87D7B6">
<createdBy>sergi</createdBy>
<createdTime>2024-09-17 03:12:50 UTC</createdTime>
<generatorID>88DB1C94-2DED-D637-ABC0-6C20CB8FD2A5</generatorID>
<ownerDesignName>logico</ownerDesignName>
<engineerTo>
<item key="D41DC297-8ACE-B51B-921A-07525162A6A2" value="true"/>
</engineerTo>
<referedAttribute>E11A6AA0-5154-63C8-26AF-15AE34CF6171</referedAttribute>
<useDomainConstraints>false</useDomainConstraints>
<use>1</use>
<logicalDatatype>LOGDT011</logicalDatatype>
<ownDataTypeParameters>,,</ownDataTypeParameters>
</Attribute>
<Attribute name="id_encuesta" id="CCD20D37-F153-F60F-A0EE-562FF9E61A4A">
<createdBy>sergi</createdBy>
<createdTime>2024-09-17 03:12:50 UTC</createdTime>
<generatorID>88DB1C94-2DED-D637-ABC0-6C20CB8FD2A5</generatorID>
<ownerDesignName>logico</ownerDesignName>
<engineerTo>
<item key="D41DC297-8ACE-B51B-921A-07525162A6A2" value="true"/>
</engineerTo>
<referedAttribute>840F69D6-A6FE-2407-FABA-51246E3BB3A4</referedAttribute>
<useDomainConstraints>false</useDomainConstraints>
<use>1</use>
<logicalDatatype>LOGDT011</logicalDatatype>
<ownDataTypeParameters>,,</ownDataTypeParameters>
</Attribute>
</attributes>
<identifiers itemClass="oracle.dbtools.crest.model.design.logical.CandidateKey">
<identifier id="3178AB77-FAED-BC14-BEFE-0379944F093A" name="opcion_respuesta PK">
<createdBy>sergi</createdBy>
<createdTime>2024-09-17 03:07:47 UTC</createdTime>
<ownerDesignName>logico</ownerDesignName>
<engineerTo>
<item key="D41DC297-8ACE-B51B-921A-07525162A6A2" value="true"/>
</engineerTo>
<pk>true</pk>
<usedAttributes>
<attributeRef>72510117-B083-15CF-FD61-F65781FF4FF1</attributeRef>
<attributeRef>CDC46D46-75C4-0F1D-F27F-9E031F87D7B6</attributeRef>
<attributeRef>CCD20D37-F153-F60F-A0EE-562FF9E61A4A</attributeRef>
</usedAttributes>
</identifier>
</identifiers>
</Entity>