<?xml version = '1.0' encoding = 'UTF-8'?>
<Entity class="oracle.dbtools.crest.model.design.logical.Entity" directorySegmentName="seg_0" id="B61CFA77-439B-1BEE-7E9E-D296396B3B6D" name="modulo">
<createdBy>sergi</createdBy>
<createdTime>2024-09-24 21:33:08 UTC</createdTime>
<ownerDesignName>logico</ownerDesignName>
<engineerTo>
<item key="D41DC297-8ACE-B51B-921A-07525162A6A2" value="true"/>
</engineerTo>
<adequatelyNormalized>NO</adequatelyNormalized>
<expectedVolumes>0</expectedVolumes>
<fwdEngineeringStrategyName>Single Table</fwdEngineeringStrategyName>
<growthPercent>0</growthPercent>
<growthType>Year</growthType>
<maxVolumes>9999999</maxVolumes>
<minVolumes>0</minVolumes>
<normalForm>Third</normalForm>
<attributes itemClass="oracle.dbtools.crest.model.design.logical.Attribute">
<Attribute name="id_modulo" id="7BD225AA-B02B-EA7B-D27C-64865A0B5252">
<createdBy>sergi</createdBy>
<createdTime>2024-09-24 21:33:13 UTC</createdTime>
<ownerDesignName>logico</ownerDesignName>
<engineerTo>
<item key="D41DC297-8ACE-B51B-921A-07525162A6A2" value="true"/>
</engineerTo>
<useDomainConstraints>false</useDomainConstraints>
<use>1</use>
<logicalDatatype>LOGDT011</logicalDatatype>
<ownDataTypeParameters>,,</ownDataTypeParameters>
</Attribute>
<Attribute name="nombre_modulo" id="E470A557-F547-D60A-2B98-248A6DD5D030">
<createdBy>sergi</createdBy>
<createdTime>2024-09-24 21:33:22 UTC</createdTime>
<ownerDesignName>logico</ownerDesignName>
<engineerTo>
<item key="D41DC297-8ACE-B51B-921A-07525162A6A2" value="true"/>
</engineerTo>
<useDomainConstraints>false</useDomainConstraints>
<use>1</use>
<logicalDatatype>LOGDT024</logicalDatatype>
<ownDataTypeParameters>,,</ownDataTypeParameters>
</Attribute>
<Attribute name="descripcion_modulo" id="B9997BC9-3DD3-7920-2245-20FC34609BD5">
<createdBy>sergi</createdBy>
<createdTime>2024-09-24 21:33:37 UTC</createdTime>
<ownerDesignName>logico</ownerDesignName>
<engineerTo>
<item key="D41DC297-8ACE-B51B-921A-07525162A6A2" value="true"/>
</engineerTo>
<useDomainConstraints>false</useDomainConstraints>
<use>1</use>
<logicalDatatype>LOGDT024</logicalDatatype>
<ownDataTypeParameters>,,</ownDataTypeParameters>
</Attribute>
<Attribute name="id_curso" id="173719F2-214E-092E-9D63-A153AC1F666E">
<createdBy>sergi</createdBy>
<createdTime>2024-09-24 21:34:09 UTC</createdTime>
<generatorID>2DF2C57B-F258-A080-71E6-E8524310774C</generatorID>
<ownerDesignName>logico</ownerDesignName>
<engineerTo>
<item key="D41DC297-8ACE-B51B-921A-07525162A6A2" value="true"/>
</engineerTo>
<referedAttribute>C8746252-B0CF-B9DD-E664-75368FCAD516</referedAttribute>
<useDomainConstraints>false</useDomainConstraints>
<use>1</use>
<logicalDatatype>LOGDT011</logicalDatatype>
<ownDataTypeParameters>,,</ownDataTypeParameters>
</Attribute>
</attributes>
<identifiers itemClass="oracle.dbtools.crest.model.design.logical.CandidateKey">
<identifier id="E1767BD2-071E-D940-818B-CAE6F8DB7859" name="modulo PK">
<createdBy>sergi</createdBy>
<createdTime>2024-09-24 21:33:35 UTC</createdTime>
<ownerDesignName>logico</ownerDesignName>
<engineerTo>
<item key="D41DC297-8ACE-B51B-921A-07525162A6A2" value="true"/>
</engineerTo>
<pk>true</pk>
<usedAttributes>
<attributeRef>7BD225AA-B02B-EA7B-D27C-64865A0B5252</attributeRef>
<attributeRef>173719F2-214E-092E-9D63-A153AC1F666E</attributeRef>
</usedAttributes>
</identifier>
</identifiers>
</Entity>