<?xml version = '1.0' encoding = 'UTF-8'?>
<Entity class="oracle.dbtools.crest.model.design.logical.Entity" directorySegmentName="seg_0" id="C59E5085-090A-19B0-A847-C5DEEED6A0A3" name="curso_asignado">
<createdBy>sergi</createdBy>
<createdTime>2024-09-24 22:05:54 UTC</createdTime>
<ownerDesignName>logico</ownerDesignName>
<engineerTo>
<item key="D41DC297-8ACE-B51B-921A-07525162A6A2" value="true"/>
</engineerTo>
<adequatelyNormalized>NO</adequatelyNormalized>
<expectedVolumes>0</expectedVolumes>
<fwdEngineeringStrategyName>Single Table</fwdEngineeringStrategyName>
<growthPercent>0</growthPercent>
<growthType>Year</growthType>
<maxVolumes>9999999</maxVolumes>
<minVolumes>0</minVolumes>
<normalForm>Third</normalForm>
<attributes itemClass="oracle.dbtools.crest.model.design.logical.Attribute">
<Attribute name="fecha_asignacion" id="19EA7E2C-D977-782A-AC75-315080405162">
<createdBy>sergi</createdBy>
<createdTime>2024-09-24 22:06:02 UTC</createdTime>
<ownerDesignName>logico</ownerDesignName>
<engineerTo>
<item key="D41DC297-8ACE-B51B-921A-07525162A6A2" value="true"/>
</engineerTo>
<useDomainConstraints>false</useDomainConstraints>
<use>1</use>
<logicalDatatype>LOGDT008</logicalDatatype>
<ownDataTypeParameters>,,</ownDataTypeParameters>
</Attribute>
<Attribute name="fecha_acceso" id="DCD35D6C-BCCD-5300-B1B7-9478E6EC6C47">
<createdBy>sergi</createdBy>
<createdTime>2024-09-24 22:06:19 UTC</createdTime>
<ownerDesignName>logico</ownerDesignName>
<engineerTo>
<item key="D41DC297-8ACE-B51B-921A-07525162A6A2" value="true"/>
</engineerTo>
<useDomainConstraints>false</useDomainConstraints>
<use>1</use>
<logicalDatatype>LOGDT008</logicalDatatype>
<ownDataTypeParameters>,,</ownDataTypeParameters>
</Attribute>
<Attribute name="rut" id="316AF172-D8D9-AE98-3A5E-157CDD36EF63">
<createdBy>sergi</createdBy>
<createdTime>2024-09-24 22:07:26 UTC</createdTime>
<generatorID>4D38A9CD-4117-717D-FCD9-29E9733435CA</generatorID>
<ownerDesignName>logico</ownerDesignName>
<engineerTo>
<item key="D41DC297-8ACE-B51B-921A-07525162A6A2" value="true"/>
</engineerTo>
<referedAttribute>7A609929-9BBB-5261-EFF2-8A117FAB9B71</referedAttribute>
<useDomainConstraints>false</useDomainConstraints>
<use>1</use>
<logicalDatatype>LOGDT024</logicalDatatype>
<ownDataTypeParameters>,,</ownDataTypeParameters>
</Attribute>
<Attribute name="id_especialidad" id="70F77B60-6617-223C-3D09-93FF886BF393">
<createdBy>sergi</createdBy>
<createdTime>2024-09-24 22:07:26 UTC</createdTime>
<generatorID>4D38A9CD-4117-717D-FCD9-29E9733435CA</generatorID>
<ownerDesignName>logico</ownerDesignName>
<engineerTo>
<item key="D41DC297-8ACE-B51B-921A-07525162A6A2" value="true"/>
</engineerTo>
<referedAttribute>4A6DE4D8-088A-6EB2-8CF1-1D62E925049A</referedAttribute>
<useDomainConstraints>false</useDomainConstraints>
<use>1</use>
<logicalDatatype>LOGDT011</logicalDatatype>
<ownDataTypeParameters>,,</ownDataTypeParameters>
</Attribute>
<Attribute name="id_area" id="B297873F-990F-00F5-C23F-09081AFA276D">
<createdBy>sergi</createdBy>
<createdTime>2024-09-24 22:07:26 UTC</createdTime>
<generatorID>4D38A9CD-4117-717D-FCD9-29E9733435CA</generatorID>
<ownerDesignName>logico</ownerDesignName>
<engineerTo>
<item key="D41DC297-8ACE-B51B-921A-07525162A6A2" value="true"/>
</engineerTo>
<referedAttribute>51D8F08E-43D9-6027-6D23-2E93A66B595C</referedAttribute>
<useDomainConstraints>false</useDomainConstraints>
<use>1</use>
<logicalDatatype>LOGDT011</logicalDatatype>
<ownDataTypeParameters>,,</ownDataTypeParameters>
</Attribute>
<Attribute name="id_rol" id="635D3B99-D316-29F2-A594-373EDDB2CF04">
<createdBy>sergi</createdBy>
<createdTime>2024-09-24 22:07:26 UTC</createdTime>
<generatorID>4D38A9CD-4117-717D-FCD9-29E9733435CA</generatorID>
<ownerDesignName>logico</ownerDesignName>
<engineerTo>
<item key="D41DC297-8ACE-B51B-921A-07525162A6A2" value="true"/>
</engineerTo>
<referedAttribute>55227762-0E9B-6AA6-3551-368E800B84C3</referedAttribute>
<useDomainConstraints>false</useDomainConstraints>
<use>1</use>
<logicalDatatype>LOGDT011</logicalDatatype>
<ownDataTypeParameters>,,</ownDataTypeParameters>
</Attribute>
<Attribute name="id_curso" id="F60A25F0-14F7-5505-B053-B288876CFA4C">
<createdBy>sergi</createdBy>
<createdTime>2024-09-24 22:07:37 UTC</createdTime>
<generatorID>9E5527B2-0F1B-A796-5860-440E4AF53336</generatorID>
<ownerDesignName>logico</ownerDesignName>
<engineerTo>
<item key="D41DC297-8ACE-B51B-921A-07525162A6A2" value="true"/>
</engineerTo>
<referedAttribute>C8746252-B0CF-B9DD-E664-75368FCAD516</referedAttribute>
<useDomainConstraints>false</useDomainConstraints>
<use>1</use>
<logicalDatatype>LOGDT011</logicalDatatype>
<ownDataTypeParameters>,,</ownDataTypeParameters>
</Attribute>
</attributes>
<identifiers itemClass="oracle.dbtools.crest.model.design.logical.CandidateKey">
<identifier id="5102CA39-FA3C-62B2-9002-2CAD0C14C979" name="curso_asignado PK">
<createdBy>sergi</createdBy>
<createdTime>2024-09-24 22:07:26 UTC</createdTime>
<ownerDesignName>logico</ownerDesignName>
<engineerTo>
<item key="D41DC297-8ACE-B51B-921A-07525162A6A2" value="true"/>
</engineerTo>
<pk>true</pk>
<usedAttributes>
<attributeRef>316AF172-D8D9-AE98-3A5E-157CDD36EF63</attributeRef>
<attributeRef>70F77B60-6617-223C-3D09-93FF886BF393</attributeRef>
<attributeRef>B297873F-990F-00F5-C23F-09081AFA276D</attributeRef>
<attributeRef>635D3B99-D316-29F2-A594-373EDDB2CF04</attributeRef>
<attributeRef>F60A25F0-14F7-5505-B053-B288876CFA4C</attributeRef>
</usedAttributes>
</identifier>
</identifiers>
</Entity>