<?xml version = '1.0' encoding = 'UTF-8'?>
<Entity class="oracle.dbtools.crest.model.design.logical.Entity" directorySegmentName="seg_0" id="CC129974-9D3E-73DA-72FE-B78422A8BCFD" name="respuesta">
<createdBy>sergi</createdBy>
<createdTime>2024-09-17 03:03:44 UTC</createdTime>
<ownerDesignName>logico</ownerDesignName>
<engineerTo>
<item key="D41DC297-8ACE-B51B-921A-07525162A6A2" value="true"/>
</engineerTo>
<adequatelyNormalized>NO</adequatelyNormalized>
<expectedVolumes>0</expectedVolumes>
<fwdEngineeringStrategyName>Single Table</fwdEngineeringStrategyName>
<growthPercent>0</growthPercent>
<growthType>Year</growthType>
<maxVolumes>9999999</maxVolumes>
<minVolumes>0</minVolumes>
<normalForm>Third</normalForm>
<attributes itemClass="oracle.dbtools.crest.model.design.logical.Attribute">
<Attribute name="texto_respuesta" id="60F0D6AC-B90A-24DE-FAE9-491855A968D6">
<createdBy>sergi</createdBy>
<createdTime>2024-09-17 03:07:12 UTC</createdTime>
<ownerDesignName>logico</ownerDesignName>
<engineerTo>
<item key="D41DC297-8ACE-B51B-921A-07525162A6A2" value="true"/>
</engineerTo>
<nullsAllowed>true</nullsAllowed>
<useDomainConstraints>false</useDomainConstraints>
<use>1</use>
<logicalDatatype>LOGDT024</logicalDatatype>
<ownDataTypeParameters>,,</ownDataTypeParameters>
</Attribute>
<Attribute name="rut" id="0B9590CB-DB64-5F3D-67F4-D82D4D91CBB1">
<createdBy>sergi</createdBy>
<createdTime>2024-09-17 03:12:04 UTC</createdTime>
<generatorID>6C3D7CBB-7F19-57F9-4117-3593FFE13685</generatorID>
<ownerDesignName>logico</ownerDesignName>
<engineerTo>
<item key="D41DC297-8ACE-B51B-921A-07525162A6A2" value="true"/>
</engineerTo>
<referedAttribute>7A609929-9BBB-5261-EFF2-8A117FAB9B71</referedAttribute>
<useDomainConstraints>false</useDomainConstraints>
<use>1</use>
<logicalDatatype>LOGDT024</logicalDatatype>
<ownDataTypeParameters>,,</ownDataTypeParameters>
</Attribute>
<Attribute name="id_especialidad" id="0BAB6812-1810-01C1-2211-E23FB37918E4">
<createdBy>sergi</createdBy>
<createdTime>2024-09-17 03:12:04 UTC</createdTime>
<generatorID>6C3D7CBB-7F19-57F9-4117-3593FFE13685</generatorID>
<ownerDesignName>logico</ownerDesignName>
<engineerTo>
<item key="D41DC297-8ACE-B51B-921A-07525162A6A2" value="true"/>
</engineerTo>
<referedAttribute>4A6DE4D8-088A-6EB2-8CF1-1D62E925049A</referedAttribute>
<useDomainConstraints>false</useDomainConstraints>
<use>1</use>
<logicalDatatype>LOGDT011</logicalDatatype>
<ownDataTypeParameters>,,</ownDataTypeParameters>
</Attribute>
<Attribute name="id_opcion" id="4BDD3461-679F-D611-E797-DC276390CC05">
<createdBy>sergi</createdBy>
<createdTime>2024-09-17 03:12:10 UTC</createdTime>
<generatorID>27DD1D74-C129-CBA4-19EB-16F8BBE5ECEF</generatorID>
<ownerDesignName>logico</ownerDesignName>
<engineerTo>
<item key="D41DC297-8ACE-B51B-921A-07525162A6A2" value="true"/>
</engineerTo>
<referedAttribute>72510117-B083-15CF-FD61-F65781FF4FF1</referedAttribute>
<useDomainConstraints>false</useDomainConstraints>
<use>1</use>
<logicalDatatype>LOGDT011</logicalDatatype>
<ownDataTypeParameters>,,</ownDataTypeParameters>
</Attribute>
<Attribute name="id_rol" id="CFC65E6D-7DBD-DD17-E6CA-540FC17B1EC3">
<createdBy>sergi</createdBy>
<createdTime>2024-09-17 03:12:19 UTC</createdTime>
<generatorID>6C3D7CBB-7F19-57F9-4117-3593FFE13685</generatorID>
<ownerDesignName>logico</ownerDesignName>
<engineerTo>
<item key="D41DC297-8ACE-B51B-921A-07525162A6A2" value="true"/>
</engineerTo>
<referedAttribute>55227762-0E9B-6AA6-3551-368E800B84C3</referedAttribute>
<useDomainConstraints>false</useDomainConstraints>
<use>1</use>
<logicalDatatype>LOGDT011</logicalDatatype>
<ownDataTypeParameters>,,</ownDataTypeParameters>
</Attribute>
<Attribute name="id_pregunta" id="87AD513E-9F5B-B7BB-DEB1-2E9108A61BDC">
<createdBy>sergi</createdBy>
<createdTime>2024-09-17 03:12:50 UTC</createdTime>
<generatorID>27DD1D74-C129-CBA4-19EB-16F8BBE5ECEF</generatorID>
<ownerDesignName>logico</ownerDesignName>
<engineerTo>
<item key="D41DC297-8ACE-B51B-921A-07525162A6A2" value="true"/>
</engineerTo>
<referedAttribute>CDC46D46-75C4-0F1D-F27F-9E031F87D7B6</referedAttribute>
<useDomainConstraints>false</useDomainConstraints>
<use>1</use>
<logicalDatatype>LOGDT011</logicalDatatype>
<ownDataTypeParameters>,,</ownDataTypeParameters>
</Attribute>
<Attribute name="id_encuesta" id="CB7086A3-1FF3-5F7A-E54A-B89623EF5C41">
<createdBy>sergi</createdBy>
<createdTime>2024-09-17 03:12:50 UTC</createdTime>
<generatorID>27DD1D74-C129-CBA4-19EB-16F8BBE5ECEF</generatorID>
<ownerDesignName>logico</ownerDesignName>
<engineerTo>
<item key="D41DC297-8ACE-B51B-921A-07525162A6A2" value="true"/>
</engineerTo>
<referedAttribute>CCD20D37-F153-F60F-A0EE-562FF9E61A4A</referedAttribute>
<useDomainConstraints>false</useDomainConstraints>
<use>1</use>
<logicalDatatype>LOGDT011</logicalDatatype>
<ownDataTypeParameters>,,</ownDataTypeParameters>
</Attribute>
<Attribute name="fecha_respuesta" id="D18574E8-C834-E85A-69C1-2AA9A8951EDF">
<createdBy>sergi</createdBy>
<createdTime>2024-09-24 21:20:14 UTC</createdTime>
<ownerDesignName>logico</ownerDesignName>
<engineerTo>
<item key="D41DC297-8ACE-B51B-921A-07525162A6A2" value="true"/>
</engineerTo>
<useDomainConstraints>false</useDomainConstraints>
<use>1</use>
<logicalDatatype>LOGDT008</logicalDatatype>
<ownDataTypeParameters>,,</ownDataTypeParameters>
</Attribute>
<Attribute name="id_area" id="0EBD698B-5266-E5D0-7C13-AA55EB5A4B83">
<createdBy>sergi</createdBy>
<createdTime>2024-09-24 21:37:21 UTC</createdTime>
<generatorID>6C3D7CBB-7F19-57F9-4117-3593FFE13685</generatorID>
<ownerDesignName>logico</ownerDesignName>
<engineerTo>
<item key="D41DC297-8ACE-B51B-921A-07525162A6A2" value="true"/>
</engineerTo>
<referedAttribute>51D8F08E-43D9-6027-6D23-2E93A66B595C</referedAttribute>
<useDomainConstraints>false</useDomainConstraints>
<use>1</use>
<logicalDatatype>LOGDT011</logicalDatatype>
<ownDataTypeParameters>,,</ownDataTypeParameters>
</Attribute>
</attributes>
<identifiers itemClass="oracle.dbtools.crest.model.design.logical.CandidateKey">
<identifier id="31F0CC7C-808D-A014-4E8A-CCDE1E0DE811" name="respuesta PK">
<createdBy>sergi</createdBy>
<createdTime>2024-09-17 03:07:10 UTC</createdTime>
<ownerDesignName>logico</ownerDesignName>
<engineerTo>
<item key="D41DC297-8ACE-B51B-921A-07525162A6A2" value="true"/>
</engineerTo>
<pk>true</pk>
<usedAttributes>
<attributeRef>0B9590CB-DB64-5F3D-67F4-D82D4D91CBB1</attributeRef>
<attributeRef>0BAB6812-1810-01C1-2211-E23FB37918E4</attributeRef>
<attributeRef>CFC65E6D-7DBD-DD17-E6CA-540FC17B1EC3</attributeRef>
<attributeRef>0EBD698B-5266-E5D0-7C13-AA55EB5A4B83</attributeRef>
<attributeRef>4BDD3461-679F-D611-E797-DC276390CC05</attributeRef>
<attributeRef>87AD513E-9F5B-B7BB-DEB1-2E9108A61BDC</attributeRef>
<attributeRef>CB7086A3-1FF3-5F7A-E54A-B89623EF5C41</attributeRef>
</usedAttributes>
</identifier>
</identifiers>
</Entity>