<?xml version = '1.0' encoding = 'UTF-8'?>
<relationalModel class="oracle.dbtools.crest.model.design.relational.RelationalDesign" name="Relational_1" id="03AD3AD2-3A56-7CE8-5941-2F91C16BA838" mainViewID="9D979749-E440-A7CD-0E2F-55E851B19D37">
<createdBy>sergi</createdBy>
<createdTime>2024-11-15 22:19:34 UTC</createdTime>
<ownerDesignName>asd</ownerDesignName>
<shouldBeOpen>false</shouldBeOpen>
<selectedRDBMSSite>01F6E6D1-21D0-CFBD-ABDD-3988D1813575</selectedRDBMSSite>
<importDDLFileStamps>
<importDDLFileStamp class="oracle.dbtools.crest.imports.DDLFileStamp">
<fileName>a (2).sql</fileName>
<pathName>C:\Users\sergi\OneDrive\Escritorio</pathName>
<dbType>17</dbType>
</importDDLFileStamp>
</importDDLFileStamps>
</relationalModel>