<?xml version = '1.0' encoding = 'UTF-8'?>
<Entity class="oracle.dbtools.crest.model.design.logical.Entity" directorySegmentName="seg_0" id="96A91CEA-2310-DDF2-495C-B0D9E4746763" name="CursoCapacitacion">
<createdBy>sergi</createdBy>
<createdTime>2024-11-15 22:24:45 UTC</createdTime>
<generatorID>4A457A70-BF4A-A666-383F-1E87B47DA0D2</generatorID>
<ownerDesignName>asd</ownerDesignName>
<engineerTo>
<item key="03AD3AD2-3A56-7CE8-5941-2F91C16BA838" value="true"/>
</engineerTo>
<adequatelyNormalized>NO</adequatelyNormalized>
<expectedVolumes>0</expectedVolumes>
<fwdEngineeringStrategyName>Single Table</fwdEngineeringStrategyName>
<growthPercent>0</growthPercent>
<growthType>Year</growthType>
<maxVolumes>9999999</maxVolumes>
<minVolumes>0</minVolumes>
<normalForm>Third</normalForm>
<attributes itemClass="oracle.dbtools.crest.model.design.logical.Attribute">
<Attribute name="id curso" id="F98F45E4-8917-9267-9FE6-0FF86ED73B57">
<createdBy>sergi</createdBy>
<createdTime>2024-11-15 22:24:45 UTC</createdTime>
<generatorID>527BA829-4ADF-04CA-6474-D7A891AADE08</generatorID>
<ownerDesignName>asd</ownerDesignName>
<engineerTo>
<item key="03AD3AD2-3A56-7CE8-5941-2F91C16BA838" value="true"/>
</engineerTo>
<useDomainConstraints>false</useDomainConstraints>
<use>1</use>
<logicalDatatype>LOGDT011</logicalDatatype>
<ownDataTypeParameters>,,</ownDataTypeParameters>
</Attribute>
<Attribute name="nombre curso" id="A23C2B1B-8658-937F-1617-DC87C7F8796C">
<createdBy>sergi</createdBy>
<createdTime>2024-11-15 22:24:45 UTC</createdTime>
<generatorID>8847AC22-5F08-E7F9-5D23-F4C59270CE9F</generatorID>
<ownerDesignName>asd</ownerDesignName>
<engineerTo>
<item key="03AD3AD2-3A56-7CE8-5941-2F91C16BA838" value="true"/>
</engineerTo>
<use>0</use>
<logicalDatatype>LOGDT024</logicalDatatype>
<domain>B8319EFB-B205-5E1B-28BC-436C25A277F1</domain>
<ownDataTypeParameters>,,</ownDataTypeParameters>
</Attribute>
<Attribute name="descripcion curso" id="FF8BA1B2-676C-8032-9424-857E8BA6D6A0">
<createdBy>sergi</createdBy>
<createdTime>2024-11-15 22:24:45 UTC</createdTime>
<generatorID>C0FA8FB6-8794-DF68-452B-53177709B67E</generatorID>
<ownerDesignName>asd</ownerDesignName>
<engineerTo>
<item key="03AD3AD2-3A56-7CE8-5941-2F91C16BA838" value="true"/>
</engineerTo>
<use>0</use>
<ownDataTypeParameters>,,</ownDataTypeParameters>
</Attribute>
<Attribute name="fecha creacion" id="52D1FCEE-85EA-70F8-E0F3-D05016DA1824">
<createdBy>sergi</createdBy>
<createdTime>2024-11-15 22:24:45 UTC</createdTime>
<generatorID>23CEF564-C94A-7CAB-1221-103CE4DAEA57</generatorID>
<ownerDesignName>asd</ownerDesignName>
<engineerTo>
<item key="03AD3AD2-3A56-7CE8-5941-2F91C16BA838" value="true"/>
</engineerTo>
<use>0</use>
<logicalDatatype>LOGDT015</logicalDatatype>
<domain>6D2E53AF-5804-23E4-1305-B77EA0EE7865</domain>
<ownDataTypeParameters>,,</ownDataTypeParameters>
</Attribute>
<Attribute name="fecha limite" id="789C7597-BBB2-B3EA-7077-25FB36C66FFE">
<createdBy>sergi</createdBy>
<createdTime>2024-11-15 22:24:45 UTC</createdTime>
<generatorID>8F395BD6-9D53-B7E3-BA66-9CAAA3971525</generatorID>
<ownerDesignName>asd</ownerDesignName>
<engineerTo>
<item key="03AD3AD2-3A56-7CE8-5941-2F91C16BA838" value="true"/>
</engineerTo>
<nullsAllowed>true</nullsAllowed>
<use>0</use>
<logicalDatatype>LOGDT015</logicalDatatype>
<domain>6D2E53AF-5804-23E4-1305-B77EA0EE7865</domain>
<ownDataTypeParameters>,,</ownDataTypeParameters>
</Attribute>
<Attribute name="estado curso" id="DD164A4D-0C9B-EFB5-D1BE-3FCD15D33473">
<createdBy>sergi</createdBy>
<createdTime>2024-11-15 22:24:45 UTC</createdTime>
<generatorID>7AF1A702-403F-1E95-DD74-A5B600B59ADA</generatorID>
<ownerDesignName>asd</ownerDesignName>
<engineerTo>
<item key="03AD3AD2-3A56-7CE8-5941-2F91C16BA838" value="true"/>
</engineerTo>
<use>0</use>
<ownDataTypeParameters>,,</ownDataTypeParameters>
</Attribute>
</attributes>
<identifiers itemClass="oracle.dbtools.crest.model.design.logical.CandidateKey">
<identifier id="EA1179FE-CFB1-D5D4-E131-B82FFC2C680A" name="CursoCapacitacion PK">
<createdBy>sergi</createdBy>
<createdTime>2024-11-15 22:24:45 UTC</createdTime>
<generatorID>EAE23E61-EB01-13FB-47BF-EC216B3C0DFA</generatorID>
<ownerDesignName>asd</ownerDesignName>
<shouldEngineer>false</shouldEngineer>
<engineerTo>
<item key="03AD3AD2-3A56-7CE8-5941-2F91C16BA838" value="false"/>
</engineerTo>
<pk>true</pk>
<usedAttributes>
<attributeRef>F98F45E4-8917-9267-9FE6-0FF86ED73B57</attributeRef>
</usedAttributes>
</identifier>
</identifiers>
</Entity>