<?xml version = '1.0' encoding = 'UTF-8'?>
<Entity class="oracle.dbtools.crest.model.design.logical.Entity" directorySegmentName="seg_0" id="FFEB24DE-D6C8-A1ED-A552-612A9DF5D1E5" name="Cumplimiento leccion">
<createdBy>sergi</createdBy>
<createdTime>2024-11-15 22:24:45 UTC</createdTime>
<generatorID>BEB9CB3C-6770-9012-E1ED-1B23D6903B09</generatorID>
<ownerDesignName>asd</ownerDesignName>
<engineerTo>
<item key="03AD3AD2-3A56-7CE8-5941-2F91C16BA838" value="true"/>
</engineerTo>
<adequatelyNormalized>NO</adequatelyNormalized>
<expectedVolumes>0</expectedVolumes>
<fwdEngineeringStrategyName>Single Table</fwdEngineeringStrategyName>
<growthPercent>0</growthPercent>
<growthType>Year</growthType>
<maxVolumes>9999999</maxVolumes>
<minVolumes>0</minVolumes>
<normalForm>Third</normalForm>
<attributes itemClass="oracle.dbtools.crest.model.design.logical.Attribute">
<Attribute name="Usuario rut" id="10942D7A-7404-FEFD-071F-DF48B3CF8661">
<createdBy>sergi</createdBy>
<createdTime>2024-11-15 22:24:45 UTC</createdTime>
<generatorID>C94875E5-7D69-D56E-CC4E-EA928A7A3CBE</generatorID>
<ownerDesignName>asd</ownerDesignName>
<engineerTo>
<item key="03AD3AD2-3A56-7CE8-5941-2F91C16BA838" value="true"/>
</engineerTo>
<referedAttribute>B3566F02-D763-F880-9B68-3F22018636C6</referedAttribute>
<use>0</use>
<logicalDatatype>LOGDT024</logicalDatatype>
<domain>AC38D426-1D0B-429C-CFEB-506DA1FC6A89</domain>
<ownDataTypeParameters>,,</ownDataTypeParameters>
</Attribute>
<Attribute name="LeccionCurso id leccion" id="E289B855-4456-606E-44B2-2361B31A9846">
<createdBy>sergi</createdBy>
<createdTime>2024-11-15 22:24:45 UTC</createdTime>
<generatorID>C82AC34D-03AF-760C-3908-A2D193AD779C</generatorID>
<ownerDesignName>asd</ownerDesignName>
<engineerTo>
<item key="03AD3AD2-3A56-7CE8-5941-2F91C16BA838" value="true"/>
</engineerTo>
<referedAttribute>5E9F2D0A-4A26-FEFC-D308-710061FA084C</referedAttribute>
<useDomainConstraints>false</useDomainConstraints>
<use>1</use>
<logicalDatatype>LOGDT011</logicalDatatype>
<ownDataTypeParameters>,,</ownDataTypeParameters>
</Attribute>
<Attribute name="fecha modificacion estado" id="376FC227-CC3E-C5A4-AA72-E1F7C5CB0CE6">
<createdBy>sergi</createdBy>
<createdTime>2024-11-15 22:24:45 UTC</createdTime>
<generatorID>E56E84BF-94F7-06ED-DC59-721611361211</generatorID>
<ownerDesignName>asd</ownerDesignName>
<engineerTo>
<item key="03AD3AD2-3A56-7CE8-5941-2F91C16BA838" value="true"/>
</engineerTo>
<nullsAllowed>true</nullsAllowed>
<use>0</use>
<logicalDatatype>LOGDT015</logicalDatatype>
<domain>6D2E53AF-5804-23E4-1305-B77EA0EE7865</domain>
<ownDataTypeParameters>,,</ownDataTypeParameters>
</Attribute>
<Attribute name="estado" id="9C1E2C6F-A5E4-A3D5-3992-98ACC73B4626">
<createdBy>sergi</createdBy>
<createdTime>2024-11-15 22:24:45 UTC</createdTime>
<generatorID>94BC50BE-DB28-5F11-45CC-22D42EA36FF9</generatorID>
<ownerDesignName>asd</ownerDesignName>
<engineerTo>
<item key="03AD3AD2-3A56-7CE8-5941-2F91C16BA838" value="true"/>
</engineerTo>
<useDomainConstraints>false</useDomainConstraints>
<use>1</use>
<logicalDatatype>LOGDT006</logicalDatatype>
<ownDataTypeParameters>,,</ownDataTypeParameters>
</Attribute>
</attributes>
<identifiers itemClass="oracle.dbtools.crest.model.design.logical.CandidateKey">
<identifier id="B44B9163-2900-EF17-4568-F6383AC4074B" name="Cumplimiento leccion PK">
<createdBy>sergi</createdBy>
<createdTime>2024-11-15 22:24:45 UTC</createdTime>
<generatorID>F632FE67-68AC-ACBF-560C-0B5E41C0D4A1</generatorID>
<ownerDesignName>asd</ownerDesignName>
<shouldEngineer>false</shouldEngineer>
<engineerTo>
<item key="03AD3AD2-3A56-7CE8-5941-2F91C16BA838" value="false"/>
</engineerTo>
<pk>true</pk>
<usedAttributes>
<attributeRef>10942D7A-7404-FEFD-071F-DF48B3CF8661</attributeRef>
<attributeRef>E289B855-4456-606E-44B2-2361B31A9846</attributeRef>
</usedAttributes>
</identifier>
</identifiers>
</Entity>